ip,country,city,latitude,longitude,flag
66.115.147.73,CA,Vancouver (Central Vancouver),49.260156949999995,-123.05130708933925,international
1.159.239.145,AU,Perth,-31.9558933,115.8605855,domestic
130.95.254.67,AU,Claremont,-31.980291,115.7839988,domestic
58.178.219.34,AU,Dunsborough,-33.614656,115.1065921,domestic
1.159.239.145,AU,Perth,-31.9558933,115.8605855,domestic
180.150.81.170,AU,Leinster,-27.9141349,120.6977266,domestic
60.241.66.23,AU,Perth,-31.9558933,115.8605855,domestic
218.215.214.239,AU,Perth,-31.9558933,115.8605855,domestic
106.68.231.231,AU,Melbourne,-37.8142454,144.9631732,domestic
106.68.231.231,AU,Melbourne,-37.8142454,144.9631732,domestic
106.68.214.213,AU,Perth,-31.9558933,115.8605855,domestic
120.16.189.64,AU,Iluka,-31.7362652,115.7312093,domestic
220.245.38.144,AU,Melbourne,-37.8142454,144.9631732,domestic
125.63.25.175,AU,Claremont,-31.980291,115.7839988,domestic
125.63.25.175,AU,Claremont,-31.980291,115.7839988,domestic
121.200.42.73,AU,Perth,-31.9558933,115.8605855,domestic
61.245.136.51,AU,Leinster,-27.9141349,120.6977266,domestic
61.245.136.51,AU,Leinster,-27.9141349,120.6977266,domestic
61.245.136.51,AU,Leinster,-27.9141349,120.6977266,domestic
120.16.156.149,AU,Perth,-31.9558933,115.8605855,domestic
130.95.254.171,AU,Claremont,-31.980291,115.7839988,domestic
58.7.209.53,AU,Bedfordale,-32.179239,116.0652304,domestic
58.169.79.193,AU,Perth,-31.9558933,115.8605855,domestic
125.63.25.45,AU,Claremont,-31.980291,115.7839988,domestic
147.69.121.39,AU,Perth,-31.9558933,115.8605855,domestic
101.175.176.55,AU,Perth,-31.9558933,115.8605855,domestic
101.175.176.55,AU,Perth,-31.9558933,115.8605855,domestic
203.217.78.141,AU,Trigg,-31.875679,115.755874,domestic
1.159.163.63,AU,Perth,-31.9558933,115.8605855,domestic
124.189.135.222,AU,Perth,-31.9558933,115.8605855,domestic
106.68.9.8,AU,Perth,-31.9558933,115.8605855,domestic
60.241.82.99,AU,Perth,-31.9558933,115.8605855,domestic
157.211.97.15,AU,Sydney,-33.8698439,151.2082848,domestic
125.63.29.201,AU,Perth,-31.9558933,115.8605855,domestic
1.146.188.208,AU,Perth,-31.9558933,115.8605855,domestic
120.16.210.169,AU,Perth,-31.9558933,115.8605855,domestic
114.198.114.109,AU,Melbourne,-37.8142454,144.9631732,domestic
114.198.114.109,AU,Melbourne,-37.8142454,144.9631732,domestic
49.194.69.148,AU,Perth,-31.9558933,115.8605855,domestic
101.175.176.254,AU,Perth,-31.9558933,115.8605855,domestic
101.175.176.254,AU,Perth,-31.9558933,115.8605855,domestic
49.192.42.146,AU,Perth,-31.9558933,115.8605855,domestic
49.196.203.82,AU,Perth,-31.9558933,115.8605855,domestic
125.63.29.87,AU,Perth,-31.9558933,115.8605855,domestic
106.69.187.234,AU,Perth,-31.9558933,115.8605855,domestic
125.63.29.68,AU,Perth,-31.9558933,115.8605855,domestic
194.223.92.25,AU,Sydney,-33.8698439,151.2082848,domestic
218.214.106.227,AU,Perth,-31.9558933,115.8605855,domestic
1.146.141.30,AU,Perth,-31.9558933,115.8605855,domestic
1.146.141.30,AU,Perth,-31.9558933,115.8605855,domestic
159.196.132.150,AU,Leinster,-27.9141349,120.6977266,domestic
120.16.81.222,AU,Bennett Springs,-31.8580515,115.9422606,domestic
106.69.8.104,AU,Perth,-31.9558933,115.8605855,domestic
58.169.31.89,AU,Perth,-31.9558933,115.8605855,domestic
125.63.25.253,AU,Claremont,-31.980291,115.7839988,domestic
203.132.91.88,AU,Perth,-31.9558933,115.8605855,domestic
220.233.44.11,AU,Esperance,-33.858228,121.8931606,domestic
220.233.44.11,AU,Esperance,-33.858228,121.8931606,domestic
110.146.164.143,AU,Perth,-31.9558933,115.8605855,domestic
58.175.89.130,AU,Perth,-31.9558933,115.8605855,domestic
101.185.225.58,AU,Perth,-31.9558933,115.8605855,domestic
106.68.183.231,AU,Perth,-31.9558933,115.8605855,domestic
130.95.254.218,AU,Claremont,-31.980291,115.7839988,domestic
49.255.165.82,AU,Perth,-31.9558933,115.8605855,domestic
80.249.1.179,AU,Saint Marys,-32.6367036,147.5642431,domestic
130.95.40.103,AU,Crawley,-31.9746305,115.8175988,domestic
124.188.223.215,AU,Donnybrook,-33.5773757,115.8251293,domestic
110.142.189.235,AU,Southport,-27.9687807,153.4066696,domestic
58.169.63.183,AU,Perth,-31.9558933,115.8605855,domestic
58.169.63.183,AU,Perth,-31.9558933,115.8605855,domestic
130.95.254.244,AU,Claremont,-31.980291,115.7839988,domestic
115.70.28.206,AU,Margaret River,-33.9531776,115.0769369,domestic
125.63.29.203,AU,Perth,-31.9558933,115.8605855,domestic
130.95.40.98,AU,Crawley,-31.9746305,115.8175988,domestic
147.69.131.143,AU,Perth,-31.9558933,115.8605855,domestic
120.149.2.18,AU,Perth,-31.9558933,115.8605855,domestic
120.149.2.18,AU,Perth,-31.9558933,115.8605855,domestic
130.95.254.234,AU,Claremont,-31.980291,115.7839988,domestic
130.95.254.166,AU,Claremont,-31.980291,115.7839988,domestic
130.95.254.166,AU,Claremont,-31.980291,115.7839988,domestic
130.95.254.166,AU,Claremont,-31.980291,115.7839988,domestic
101.118.143.34,AU,North Sydney,-33.8354519,151.2083011,domestic
101.175.174.141,AU,Perth,-31.9558933,115.8605855,domestic
14.201.146.80,AU,Melbourne,-37.8142454,144.9631732,domestic
14.201.146.80,AU,Melbourne,-37.8142454,144.9631732,domestic
134.7.244.195,AU,Bentley,-32.0084461,115.9065455,domestic
134.7.244.195,AU,Bentley,-32.0084461,115.9065455,domestic
130.95.254.66,AU,Claremont,-31.980291,115.7839988,domestic
116.206.185.138,AU,Maylands,-31.9345383,115.8985445,domestic
60.241.63.163,AU,Perth,-31.9558933,115.8605855,domestic
1.159.138.249,AU,Perth,-31.9558933,115.8605855,domestic
1.159.138.249,AU,Perth,-31.9558933,115.8605855,domestic
49.194.144.93,AU,Perth,-31.9558933,115.8605855,domestic
110.175.64.85,AU,Perth,-31.9558933,115.8605855,domestic
110.175.64.85,AU,Perth,-31.9558933,115.8605855,domestic
101.118.205.4,AU,Bentley,-32.0084461,115.9065455,domestic
14.200.220.86,AU,Melbourne,-37.8142454,144.9631732,domestic
130.95.40.98,AU,Crawley,-31.9746305,115.8175988,domestic
130.95.40.98,AU,Crawley,-31.9746305,115.8175988,domestic
130.95.254.117,AU,Claremont,-31.980291,115.7839988,domestic
120.16.175.38,AU,Maylands,-31.9345383,115.8985445,domestic
120.16.175.38,AU,Maylands,-31.9345383,115.8985445,domestic
58.175.70.73,AU,Perth,-31.9558933,115.8605855,domestic
194.223.95.196,AU,Sydney,-33.8698439,151.2082848,domestic
194.223.95.196,AU,Sydney,-33.8698439,151.2082848,domestic
123.208.216.50,AU,Perth,-31.9558933,115.8605855,domestic
123.208.216.50,AU,Perth,-31.9558933,115.8605855,domestic
203.219.72.135,AU,Melbourne,-37.8142454,144.9631732,domestic
203.219.72.135,AU,Melbourne,-37.8142454,144.9631732,domestic
130.95.254.33,AU,Claremont,-31.980291,115.7839988,domestic
49.192.129.208,AU,Perth,-31.9558933,115.8605855,domestic
49.192.129.208,AU,Perth,-31.9558933,115.8605855,domestic
103.94.51.1,AU,Leinster,-27.9141349,120.6977266,domestic
203.59.181.82,AU,Perth,-31.9558933,115.8605855,domestic
203.59.181.82,AU,Perth,-31.9558933,115.8605855,domestic
130.95.40.100,AU,Crawley,-31.9746305,115.8175988,domestic
130.95.40.100,AU,Crawley,-31.9746305,115.8175988,domestic
130.95.254.50,AU,Claremont,-31.980291,115.7839988,domestic
130.95.254.50,AU,Claremont,-31.980291,115.7839988,domestic
202.171.182.204,AU,Maylands,-31.9345383,115.8985445,domestic
106.68.241.41,AU,Perth,-31.9558933,115.8605855,domestic
106.68.241.41,AU,Perth,-31.9558933,115.8605855,domestic
106.68.241.41,AU,Perth,-31.9558933,115.8605855,domestic
123.208.238.23,AU,Perth,-31.9558933,115.8605855,domestic
58.173.51.206,AU,Perth,-31.9558933,115.8605855,domestic
121.200.36.195,AU,Perth,-31.9558933,115.8605855,domestic
130.95.254.199,AU,Claremont,-31.980291,115.7839988,domestic
130.95.254.199,AU,Claremont,-31.980291,115.7839988,domestic
60.242.90.190,AU,Sydney,-33.8698439,151.2082848,domestic
60.242.90.190,AU,Sydney,-33.8698439,151.2082848,domestic
60.242.90.190,AU,Sydney,-33.8698439,151.2082848,domestic
66.115.147.73,CA,Vancouver (Central Vancouver),49.260156949999995,-123.05130708933925,international
130.95.254.124,AU,Claremont,-31.980291,115.7839988,domestic
149.167.162.98,AU,Trigg,-31.875679,115.755874,domestic
106.69.56.155,AU, Cockburn,-32.057553,115.54271118760474,domestic
106.69.56.155,AU, Cockburn,-32.057553,115.54271118760474,domestic
130.95.254.128,AU,Claremont,-31.980291,115.7839988,domestic
101.185.135.52,AU,Perth,-31.9558933,115.8605855,domestic
101.185.135.52,AU,Perth,-31.9558933,115.8605855,domestic
101.185.135.52,AU,Perth,-31.9558933,115.8605855,domestic
49.255.81.154,AU,Perth,-31.9558933,115.8605855,domestic
49.255.81.154,AU,Perth,-31.9558933,115.8605855,domestic
123.208.145.59,AU,Perth,-31.9558933,115.8605855,domestic
130.95.40.102,AU,Crawley,-31.9746305,115.8175988,domestic
130.95.254.135,AU,Claremont,-31.980291,115.7839988,domestic
130.95.254.80,AU,Claremont,-31.980291,115.7839988,domestic
130.95.254.135,AU,Claremont,-31.980291,115.7839988,domestic
130.95.254.80,AU,Claremont,-31.980291,115.7839988,domestic
130.95.40.100,AU,Crawley,-31.9746305,115.8175988,domestic
130.95.254.202,AU,Claremont,-31.980291,115.7839988,domestic
61.68.199.111,AU,Perth,-31.9558933,115.8605855,domestic
61.68.199.111,AU,Perth,-31.9558933,115.8605855,domestic
61.68.199.111,AU,Perth,-31.9558933,115.8605855,domestic
101.189.3.222,AU,Perth,-31.9558933,115.8605855,domestic
203.217.76.2,AU,Perth,-31.9558933,115.8605855,domestic
139.216.226.10,AU,Perth,-31.9558933,115.8605855,domestic
139.216.226.10,AU,Perth,-31.9558933,115.8605855,domestic
194.223.186.89,AU,Perth,-31.9558933,115.8605855,domestic
194.223.186.89,AU,Perth,-31.9558933,115.8605855,domestic
106.69.180.153,AU,Perth,-31.9558933,115.8605855,domestic
101.185.161.161,AU,Perth,-31.9558933,115.8605855,domestic
49.255.1.192,AU,Claremont,-31.980291,115.7839988,domestic
49.255.1.192,AU,Claremont,-31.980291,115.7839988,domestic
1.159.239.137,AU,Perth,-31.9558933,115.8605855,domestic
118.209.199.114,AU,Bentley,-32.0084461,115.9065455,domestic
118.209.199.114,AU,Bentley,-32.0084461,115.9065455,domestic
157.211.98.103,AU,Sydney,-33.8698439,151.2082848,domestic
106.68.189.25,AU,Melbourne,-37.8142454,144.9631732,domestic
49.194.158.186,AU,Perth,-31.9558933,115.8605855,domestic
106.69.174.52,AU,Perth,-31.9558933,115.8605855,domestic
130.95.254.176,AU,Claremont,-31.980291,115.7839988,domestic
130.95.254.176,AU,Claremont,-31.980291,115.7839988,domestic
103.94.51.1,AU,Leinster,-27.9141349,120.6977266,domestic
110.22.150.141,AU,Perth,-31.9558933,115.8605855,domestic
1.146.147.195,AU,Perth,-31.9558933,115.8605855,domestic
130.95.254.137,AU,Claremont,-31.980291,115.7839988,domestic
124.171.246.218,AU,Melbourne,-37.8142454,144.9631732,domestic
58.160.92.106,AU,Perth,-31.9558933,115.8605855,domestic
58.160.92.106,AU,Perth,-31.9558933,115.8605855,domestic
130.95.108.251,AU,Crawley,-31.9746305,115.8175988,domestic
130.95.108.251,AU,Crawley,-31.9746305,115.8175988,domestic
130.95.108.251,AU,Crawley,-31.9746305,115.8175988,domestic
130.95.108.251,AU,Crawley,-31.9746305,115.8175988,domestic
118.102.70.220,AU,Claremont,-31.980291,115.7839988,domestic
130.95.154.173,AU,Crawley,-31.9746305,115.8175988,domestic
130.95.108.251,AU,Crawley,-31.9746305,115.8175988,domestic
202.94.72.254,AU,Marble Bar,-21.1714929,119.7456168,domestic
202.94.72.254,AU,Marble Bar,-21.1714929,119.7456168,domestic
202.94.72.254,AU,Marble Bar,-21.1714929,119.7456168,domestic
106.68.240.177,AU,Perth,-31.9558933,115.8605855,domestic
159.196.132.133,AU,Leinster,-27.9141349,120.6977266,domestic
130.95.254.180,AU,Claremont,-31.980291,115.7839988,domestic
130.95.254.180,AU,Claremont,-31.980291,115.7839988,domestic
120.16.190.125,AU,Perth,-31.9558933,115.8605855,domestic
134.7.244.182,AU,Bentley,-32.0084461,115.9065455,domestic
134.7.244.182,AU,Bentley,-32.0084461,115.9065455,domestic
106.68.240.177,AU,Perth,-31.9558933,115.8605855,domestic
130.95.254.160,AU,Claremont,-31.980291,115.7839988,domestic
130.95.254.160,AU,Claremont,-31.980291,115.7839988,domestic
130.95.254.160,AU,Claremont,-31.980291,115.7839988,domestic
130.95.254.160,AU,Claremont,-31.980291,115.7839988,domestic
130.105.160.59,PH,San Juan City,14.5679288,121.0625481,international
124.188.200.210,AU,Perth,-31.9558933,115.8605855,domestic
120.149.104.92,AU,Perth,-31.9558933,115.8605855,domestic
120.149.104.92,AU,Perth,-31.9558933,115.8605855,domestic
125.63.29.203,AU,Perth,-31.9558933,115.8605855,domestic
130.95.254.117,AU,Claremont,-31.980291,115.7839988,domestic
3.25.151.22,AU,Sydney,-33.8698439,151.2082848,domestic
3.25.151.22,AU,Sydney,-33.8698439,151.2082848,domestic
220.235.33.94,AU,Perth,-31.9558933,115.8605855,domestic
220.235.33.94,AU,Perth,-31.9558933,115.8605855,domestic
124.187.143.76,AU,Perth,-31.9558933,115.8605855,domestic
101.175.150.129,AU,Perth,-31.9558933,115.8605855,domestic
101.175.150.129,AU,Perth,-31.9558933,115.8605855,domestic
101.175.150.129,AU,Perth,-31.9558933,115.8605855,domestic
58.169.11.107,AU,Perth,-31.9558933,115.8605855,domestic
58.169.11.107,AU,Perth,-31.9558933,115.8605855,domestic
110.175.45.226,AU,Perth,-31.9558933,115.8605855,domestic
110.175.45.226,AU,Perth,-31.9558933,115.8605855,domestic
130.95.254.109,AU,Claremont,-31.980291,115.7839988,domestic
130.95.108.207,AU,Crawley,-31.9746305,115.8175988,domestic
130.95.108.207,AU,Crawley,-31.9746305,115.8175988,domestic
130.95.254.241,AU,Claremont,-31.980291,115.7839988,domestic
139.216.56.225,AU,Perth,-31.9558933,115.8605855,domestic
58.7.217.211,AU,Perth,-31.9558933,115.8605855,domestic
58.7.217.211,AU,Perth,-31.9558933,115.8605855,domestic
130.95.40.111,AU,Crawley,-31.9746305,115.8175988,domestic
147.69.23.39,AU,Perth,-31.9558933,115.8605855,domestic
120.149.32.55,AU,Perth,-31.9558933,115.8605855,domestic
49.192.120.40,AU,Perth,-31.9558933,115.8605855,domestic
14.202.241.241,AU,Melbourne,-37.8142454,144.9631732,domestic
14.202.241.241,AU,Melbourne,-37.8142454,144.9631732,domestic
203.123.103.4,AU,Perth,-31.9558933,115.8605855,domestic
203.123.103.4,AU,Perth,-31.9558933,115.8605855,domestic
130.95.254.132,AU,Claremont,-31.980291,115.7839988,domestic
130.95.254.132,AU,Claremont,-31.980291,115.7839988,domestic
130.95.254.132,AU,Claremont,-31.980291,115.7839988,domestic
130.95.254.166,AU,Claremont,-31.980291,115.7839988,domestic
130.95.254.92,AU,Claremont,-31.980291,115.7839988,domestic
130.95.40.98,AU,Crawley,-31.9746305,115.8175988,domestic
180.150.80.200,AU,Leinster,-27.9141349,120.6977266,domestic
125.63.25.142,AU,Claremont,-31.980291,115.7839988,domestic
58.160.87.17,AU,Perth,-31.9558933,115.8605855,domestic
125.63.25.204,AU,Claremont,-31.980291,115.7839988,domestic
101.189.82.10,AU,Perth,-31.9558933,115.8605855,domestic
101.189.82.10,AU,Perth,-31.9558933,115.8605855,domestic
49.194.24.141,AU,Perth,-31.9558933,115.8605855,domestic
115.70.210.235,AU,Perth,-31.9558933,115.8605855,domestic
115.70.210.235,AU,Perth,-31.9558933,115.8605855,domestic
125.63.29.21,AU,Perth,-31.9558933,115.8605855,domestic
125.63.25.57,AU,Claremont,-31.980291,115.7839988,domestic
159.196.132.88,AU,Leinster,-27.9141349,120.6977266,domestic
159.196.132.88,AU,Leinster,-27.9141349,120.6977266,domestic
159.196.132.88,AU,Leinster,-27.9141349,120.6977266,domestic
130.95.254.51,AU,Claremont,-31.980291,115.7839988,domestic
130.95.254.249,AU,Claremont,-31.980291,115.7839988,domestic
114.198.12.197,AU,Perth,-31.9558933,115.8605855,domestic
106.68.247.46,AU,Perth,-31.9558933,115.8605855,domestic
106.68.247.46,AU,Perth,-31.9558933,115.8605855,domestic
106.68.247.46,AU,Perth,-31.9558933,115.8605855,domestic
130.95.254.144,AU,Claremont,-31.980291,115.7839988,domestic
130.95.254.144,AU,Claremont,-31.980291,115.7839988,domestic
130.95.254.144,AU,Claremont,-31.980291,115.7839988,domestic
130.95.254.68,AU,Claremont,-31.980291,115.7839988,domestic
130.95.254.68,AU,Claremont,-31.980291,115.7839988,domestic
101.118.185.237,AU,North Sydney,-33.8354519,151.2083011,domestic
130.95.254.179,AU,Claremont,-31.980291,115.7839988,domestic
49.192.145.177,AU,Perth,-31.9558933,115.8605855,domestic
80.249.10.198,AU,Warragul,-38.1588674,145.933629,domestic
80.249.10.198,AU,Warragul,-38.1588674,145.933629,domestic
180.150.80.13,AU,Leinster,-27.9141349,120.6977266,domestic
180.150.80.13,AU,Leinster,-27.9141349,120.6977266,domestic
49.192.143.179,AU,Perth,-31.9558933,115.8605855,domestic
58.175.71.213,AU,Perth,-31.9558933,115.8605855,domestic
130.95.40.101,AU,Crawley,-31.9746305,115.8175988,domestic
130.95.254.153,AU,Claremont,-31.980291,115.7839988,domestic
149.167.161.138,AU,Perth,-31.9558933,115.8605855,domestic
149.167.161.138,AU,Perth,-31.9558933,115.8605855,domestic
115.64.75.173,AU,Melbourne,-37.8142454,144.9631732,domestic
1.146.236.90,AU,Perth,-31.9558933,115.8605855,domestic
1.146.236.90,AU,Perth,-31.9558933,115.8605855,domestic
1.146.236.90,AU,Perth,-31.9558933,115.8605855,domestic
203.206.119.111,AU,Trigg,-31.875679,115.755874,domestic
203.206.119.111,AU,Trigg,-31.875679,115.755874,domestic
203.206.119.111,AU,Trigg,-31.875679,115.755874,domestic
115.70.127.22,AU,Perth,-31.9558933,115.8605855,domestic
106.68.26.54,AU,Melbourne,-37.8142454,144.9631732,domestic
60.242.155.210,AU,Melbourne,-37.8142454,144.9631732,domestic
157.211.102.38,AU,Rockingham,-32.2851899,115.7426524,domestic
157.211.102.38,AU,Rockingham,-32.2851899,115.7426524,domestic
49.192.190.18,AU,Perth,-31.9558933,115.8605855,domestic
49.196.53.132,AU,Perth,-31.9558933,115.8605855,domestic
49.196.53.132,AU,Perth,-31.9558933,115.8605855,domestic
106.69.186.230,AU,Perth,-31.9558933,115.8605855,domestic
220.245.35.123,AU,Melbourne,-37.8142454,144.9631732,domestic
220.245.35.123,AU,Melbourne,-37.8142454,144.9631732,domestic
220.245.35.123,AU,Melbourne,-37.8142454,144.9631732,domestic
220.245.35.123,AU,Melbourne,-37.8142454,144.9631732,domestic
220.245.35.123,AU,Melbourne,-37.8142454,144.9631732,domestic
120.149.111.84,AU,Perth,-31.9558933,115.8605855,domestic
130.95.254.154,AU,Claremont,-31.980291,115.7839988,domestic
130.95.254.154,AU,Claremont,-31.980291,115.7839988,domestic
130.95.254.80,AU,Claremont,-31.980291,115.7839988,domestic
130.95.254.80,AU,Claremont,-31.980291,115.7839988,domestic
130.95.40.100,AU,Crawley,-31.9746305,115.8175988,domestic
130.95.254.248,AU,Claremont,-31.980291,115.7839988,domestic
130.95.254.178,AU,Claremont,-31.980291,115.7839988,domestic
130.95.254.178,AU,Claremont,-31.980291,115.7839988,domestic
130.95.254.88,AU,Claremont,-31.980291,115.7839988,domestic
125.63.25.27,AU,Claremont,-31.980291,115.7839988,domestic
125.63.25.27,AU,Claremont,-31.980291,115.7839988,domestic
121.200.42.170,AU,Perth,-31.9558933,115.8605855,domestic
121.200.42.170,AU,Perth,-31.9558933,115.8605855,domestic
125.63.29.113,AU,Perth,-31.9558933,115.8605855,domestic
125.63.29.113,AU,Perth,-31.9558933,115.8605855,domestic
194.223.71.132,AU,Sydney,-33.8698439,151.2082848,domestic
194.223.71.132,AU,Sydney,-33.8698439,151.2082848,domestic
130.95.254.193,AU,Claremont,-31.980291,115.7839988,domestic
130.95.254.154,AU,Claremont,-31.980291,115.7839988,domestic
130.95.254.154,AU,Claremont,-31.980291,115.7839988,domestic
130.95.254.193,AU,Claremont,-31.980291,115.7839988,domestic
110.22.8.88,AU,Perth,-31.9558933,115.8605855,domestic
110.22.8.88,AU,Perth,-31.9558933,115.8605855,domestic
180.150.80.80,AU,Leinster,-27.9141349,120.6977266,domestic
180.150.80.80,AU,Leinster,-27.9141349,120.6977266,domestic
130.95.254.183,AU,Claremont,-31.980291,115.7839988,domestic
130.95.254.183,AU,Claremont,-31.980291,115.7839988,domestic
130.95.254.39,AU,Claremont,-31.980291,115.7839988,domestic
130.95.254.39,AU,Claremont,-31.980291,115.7839988,domestic
120.16.143.98,AU,Perth,-31.9558933,115.8605855,domestic
120.16.143.98,AU,Perth,-31.9558933,115.8605855,domestic
130.95.254.202,AU,Claremont,-31.980291,115.7839988,domestic
101.118.159.26,AU,North Sydney,-33.8354519,151.2083011,domestic
124.169.102.85,AU,Perth,-31.9558933,115.8605855,domestic
124.169.102.85,AU,Perth,-31.9558933,115.8605855,domestic
130.95.254.239,AU,Claremont,-31.980291,115.7839988,domestic
180.150.85.92,AU,Leinster,-27.9141349,120.6977266,domestic
147.69.56.236,AU,Perth,-31.9558933,115.8605855,domestic
180.150.80.219,AU,Leinster,-27.9141349,120.6977266,domestic
130.95.254.148,AU,Claremont,-31.980291,115.7839988,domestic
130.95.254.148,AU,Claremont,-31.980291,115.7839988,domestic
103.108.231.19,AU,Perth,-31.9558933,115.8605855,domestic
103.108.231.19,AU,Perth,-31.9558933,115.8605855,domestic
203.206.250.171,AU,Melbourne,-37.8142454,144.9631732,domestic
203.206.250.171,AU,Melbourne,-37.8142454,144.9631732,domestic
103.94.51.1,AU,Leinster,-27.9141349,120.6977266,domestic
103.94.51.1,AU,Leinster,-27.9141349,120.6977266,domestic
81.153.102.25,GB,Mitcham,51.4058006,-0.1640787,international
1.159.224.105,AU,Perth,-31.9558933,115.8605855,domestic
130.95.254.118,AU,Claremont,-31.980291,115.7839988,domestic
130.95.254.118,AU,Claremont,-31.980291,115.7839988,domestic
121.217.169.62,AU,Perth,-31.9558933,115.8605855,domestic
110.174.213.114,AU,Melbourne,-37.8142454,144.9631732,domestic
110.174.213.114,AU,Melbourne,-37.8142454,144.9631732,domestic
110.174.213.114,AU,Melbourne,-37.8142454,144.9631732,domestic
1.127.106.239,AU,Perth,-31.9558933,115.8605855,domestic
130.95.254.124,AU,Claremont,-31.980291,115.7839988,domestic
106.68.148.41,AU,Perth,-31.9558933,115.8605855,domestic
106.68.148.41,AU,Perth,-31.9558933,115.8605855,domestic
130.95.254.27,AU,Claremont,-31.980291,115.7839988,domestic
1.146.169.134,AU,Perth,-31.9558933,115.8605855,domestic
58.178.211.118,AU,Perth,-31.9558933,115.8605855,domestic
106.69.47.105,AU,Perth,-31.9558933,115.8605855,domestic
106.69.47.105,AU,Perth,-31.9558933,115.8605855,domestic
130.95.40.98,AU,Crawley,-31.9746305,115.8175988,domestic
130.95.40.98,AU,Crawley,-31.9746305,115.8175988,domestic
124.189.168.247,AU,Perth,-31.9558933,115.8605855,domestic
114.198.5.172,AU,Joondalup,-31.77955,115.76474475668536,domestic
114.198.5.172,AU,Joondalup,-31.77955,115.76474475668536,domestic
58.168.0.181,AU,Perth,-31.9558933,115.8605855,domestic
58.168.0.181,AU,Perth,-31.9558933,115.8605855,domestic
58.169.86.66,AU,Perth,-31.9558933,115.8605855,domestic
58.169.86.66,AU,Perth,-31.9558933,115.8605855,domestic
58.169.86.66,AU,Perth,-31.9558933,115.8605855,domestic
120.149.77.8,AU,Bedfordale,-32.179239,116.0652304,domestic
120.149.77.8,AU,Bedfordale,-32.179239,116.0652304,domestic
130.95.254.18,AU,Claremont,-31.980291,115.7839988,domestic
130.95.254.18,AU,Claremont,-31.980291,115.7839988,domestic
116.240.249.34,AU,Perth,-31.9558933,115.8605855,domestic
130.95.254.167,AU,Claremont,-31.980291,115.7839988,domestic
45.133.6.31,AU,Perth,-31.9558933,115.8605855,domestic
58.169.78.146,AU,Perth,-31.9558933,115.8605855,domestic
80.249.10.198,AU,Warragul,-38.1588674,145.933629,domestic
110.22.196.18,AU,Perth,-31.9558933,115.8605855,domestic
130.95.254.33,AU,Claremont,-31.980291,115.7839988,domestic
130.95.254.33,AU,Claremont,-31.980291,115.7839988,domestic
130.95.254.33,AU,Claremont,-31.980291,115.7839988,domestic
130.95.254.193,AU,Claremont,-31.980291,115.7839988,domestic
110.174.86.23,AU,Perth,-31.9558933,115.8605855,domestic
110.174.86.23,AU,Perth,-31.9558933,115.8605855,domestic
49.196.33.187,AU,Melbourne,-37.8142454,144.9631732,domestic
49.196.33.187,AU,Melbourne,-37.8142454,144.9631732,domestic
49.196.231.9,AU,Bentley,-32.0084461,115.9065455,domestic
49.196.231.9,AU,Bentley,-32.0084461,115.9065455,domestic
49.196.231.9,AU,Bentley,-32.0084461,115.9065455,domestic
130.95.254.114,AU,Claremont,-31.980291,115.7839988,domestic
130.95.254.114,AU,Claremont,-31.980291,115.7839988,domestic
218.215.81.153,AU,Perth,-31.9558933,115.8605855,domestic
218.215.81.153,AU,Perth,-31.9558933,115.8605855,domestic
130.95.254.168,AU,Claremont,-31.980291,115.7839988,domestic
130.95.254.168,AU,Claremont,-31.980291,115.7839988,domestic
130.95.40.100,AU,Crawley,-31.9746305,115.8175988,domestic
130.95.40.100,AU,Crawley,-31.9746305,115.8175988,domestic
130.95.40.111,AU,Crawley,-31.9746305,115.8175988,domestic
49.196.201.63,AU,Trigg,-31.875679,115.755874,domestic
134.115.208.74,AU,Murdoch,-32.0698712,115.8375606,domestic
134.115.208.74,AU,Murdoch,-32.0698712,115.8375606,domestic
124.189.183.162,AU,Claremont,-31.980291,115.7839988,domestic
101.185.203.203,AU,Perth,-31.9558933,115.8605855,domestic
101.185.203.203,AU,Perth,-31.9558933,115.8605855,domestic
1.146.166.159,AU,Perth,-31.9558933,115.8605855,domestic
125.63.29.11,AU,Perth,-31.9558933,115.8605855,domestic
124.188.197.58,AU,Perth,-31.9558933,115.8605855,domestic
124.188.197.58,AU,Perth,-31.9558933,115.8605855,domestic
220.235.86.4,AU,Perth,-31.9558933,115.8605855,domestic
106.68.158.220,AU,Perth,-31.9558933,115.8605855,domestic
101.189.11.246,AU,Perth,-31.9558933,115.8605855,domestic
49.196.34.254,AU,Vasse,-33.6982045,115.26336531173837,domestic
106.68.6.219,AU,Rockingham,-32.2851899,115.7426524,domestic
114.198.7.65,AU,Perth,-31.9558933,115.8605855,domestic
120.16.205.226,AU,Perth,-31.9558933,115.8605855,domestic
115.69.43.223,AU,Brisbane,-27.4689682,153.0234991,domestic
110.175.110.215,AU,Bentley,-32.0084461,115.9065455,domestic
110.175.110.215,AU,Bentley,-32.0084461,115.9065455,domestic
125.63.29.116,AU,Perth,-31.9558933,115.8605855,domestic
125.63.29.116,AU,Perth,-31.9558933,115.8605855,domestic
125.63.29.116,AU,Perth,-31.9558933,115.8605855,domestic
14.200.91.137,AU,Perth,-31.9558933,115.8605855,domestic
115.69.41.89,AU,Brisbane,-27.4689682,153.0234991,domestic
58.160.82.139,AU,Perth,-31.9558933,115.8605855,domestic
130.95.40.100,AU,Crawley,-31.9746305,115.8175988,domestic
125.63.25.108,AU,Claremont,-31.980291,115.7839988,domestic
220.239.30.194,AU,Perth,-31.9558933,115.8605855,domestic
220.239.30.194,AU,Perth,-31.9558933,115.8605855,domestic
172.198.95.240,AU,Perth,-31.9558933,115.8605855,domestic
172.198.95.240,AU,Perth,-31.9558933,115.8605855,domestic
172.198.95.240,AU,Perth,-31.9558933,115.8605855,domestic
130.95.40.101,AU,Crawley,-31.9746305,115.8175988,domestic
130.95.40.101,AU,Crawley,-31.9746305,115.8175988,domestic
130.95.254.225,AU,Claremont,-31.980291,115.7839988,domestic
130.95.254.172,AU,Claremont,-31.980291,115.7839988,domestic
120.16.104.7,AU,Esperance,-33.858228,121.8931606,domestic
147.69.89.137,AU,Perth,-31.9558933,115.8605855,domestic
125.63.25.215,AU,Claremont,-31.980291,115.7839988,domestic
125.63.25.215,AU,Claremont,-31.980291,115.7839988,domestic
130.95.254.46,AU,Claremont,-31.980291,115.7839988,domestic
130.95.238.145,AU,Crawley,-31.9746305,115.8175988,domestic
130.95.238.145,AU,Crawley,-31.9746305,115.8175988,domestic
130.95.40.101,AU,Crawley,-31.9746305,115.8175988,domestic
125.63.29.206,AU,Perth,-31.9558933,115.8605855,domestic
130.95.254.174,AU,Claremont,-31.980291,115.7839988,domestic
130.95.254.174,AU,Claremont,-31.980291,115.7839988,domestic
125.63.29.206,AU,Perth,-31.9558933,115.8605855,domestic
122.148.245.21,AU,Perth,-31.9558933,115.8605855,domestic
203.220.202.151,AU,Perth,-31.9558933,115.8605855,domestic
203.220.202.151,AU,Perth,-31.9558933,115.8605855,domestic
130.95.254.154,AU,Claremont,-31.980291,115.7839988,domestic
125.63.29.133,AU,Perth,-31.9558933,115.8605855,domestic
60.225.64.125,AU,Perth,-31.9558933,115.8605855,domestic
60.225.64.125,AU,Perth,-31.9558933,115.8605855,domestic
101.189.44.161,AU,Karratha,-20.7370067,116.8478592,domestic
60.225.6.210,AU,Perth,-31.9558933,115.8605855,domestic
101.179.136.44,AU,Perth,-31.9558933,115.8605855,domestic
120.16.82.174,AU,Perth,-31.9558933,115.8605855,domestic
120.16.82.174,AU,Perth,-31.9558933,115.8605855,domestic
103.204.117.229,AU,Osborne Park,-31.9033165,115.814291,domestic
58.7.173.194,AU,Melbourne,-37.8142454,144.9631732,domestic
130.95.254.200,AU,Claremont,-31.980291,115.7839988,domestic
130.95.254.200,AU,Claremont,-31.980291,115.7839988,domestic
147.69.89.88,AU,Perth,-31.9558933,115.8605855,domestic
147.69.89.88,AU,Perth,-31.9558933,115.8605855,domestic
106.68.226.198,AU, Cockburn,-32.057553,115.54271118760474,domestic
49.192.225.179,AU,Perth,-31.9558933,115.8605855,domestic
130.95.254.122,AU,Claremont,-31.980291,115.7839988,domestic
130.95.254.122,AU,Claremont,-31.980291,115.7839988,domestic
130.95.254.122,AU,Claremont,-31.980291,115.7839988,domestic
130.95.254.122,AU,Claremont,-31.980291,115.7839988,domestic
49.192.74.182,AU,Perth,-31.9558933,115.8605855,domestic
124.188.229.249,AU,Perth,-31.9558933,115.8605855,domestic
101.118.168.189,AU,North Sydney,-33.8354519,151.2083011,domestic
194.223.91.68,AU,Sydney,-33.8698439,151.2082848,domestic
101.118.172.19,AU,North Sydney,-33.8354519,151.2083011,domestic
149.167.162.212,AU,Perth,-31.9558933,115.8605855,domestic
125.63.25.56,AU,Claremont,-31.980291,115.7839988,domestic
106.68.239.118,AU,Rockingham,-32.2851899,115.7426524,domestic
130.95.254.129,AU,Claremont,-31.980291,115.7839988,domestic
130.95.254.129,AU,Claremont,-31.980291,115.7839988,domestic
194.223.91.68,AU,Sydney,-33.8698439,151.2082848,domestic
130.95.254.208,AU,Claremont,-31.980291,115.7839988,domestic
101.118.143.164,AU,North Sydney,-33.8354519,151.2083011,domestic
106.68.240.229,AU,Perth,-31.9558933,115.8605855,domestic
118.102.69.185,AU,Perth,-31.9558933,115.8605855,domestic
118.102.69.185,AU,Perth,-31.9558933,115.8605855,domestic
106.68.240.229,AU,Perth,-31.9558933,115.8605855,domestic
118.102.69.185,AU,Perth,-31.9558933,115.8605855,domestic
125.63.25.57,AU,Claremont,-31.980291,115.7839988,domestic
125.63.25.57,AU,Claremont,-31.980291,115.7839988,domestic
203.206.250.171,AU,Melbourne,-37.8142454,144.9631732,domestic
203.206.250.171,AU,Melbourne,-37.8142454,144.9631732,domestic
130.95.254.144,AU,Claremont,-31.980291,115.7839988,domestic
130.95.254.144,AU,Claremont,-31.980291,115.7839988,domestic
130.95.254.144,AU,Claremont,-31.980291,115.7839988,domestic
130.95.254.144,AU,Claremont,-31.980291,115.7839988,domestic
60.242.2.219,AU,Melbourne,-37.8142454,144.9631732,domestic
60.242.2.219,AU,Melbourne,-37.8142454,144.9631732,domestic
130.95.254.42,AU,Claremont,-31.980291,115.7839988,domestic
130.95.254.42,AU,Claremont,-31.980291,115.7839988,domestic
130.95.254.42,AU,Claremont,-31.980291,115.7839988,domestic
130.95.254.161,AU,Claremont,-31.980291,115.7839988,domestic
124.187.150.62,AU,Perth,-31.9558933,115.8605855,domestic
118.209.192.166,AU,Melbourne,-37.8142454,144.9631732,domestic
118.209.192.166,AU,Melbourne,-37.8142454,144.9631732,domestic
101.185.203.203,AU,Perth,-31.9558933,115.8605855,domestic
124.189.164.45,AU,Perth,-31.9558933,115.8605855,domestic
130.95.254.136,AU,Claremont,-31.980291,115.7839988,domestic
194.223.95.251,AU,Sydney,-33.8698439,151.2082848,domestic
194.223.95.251,AU,Sydney,-33.8698439,151.2082848,domestic
106.68.49.236,AU,Melbourne,-37.8142454,144.9631732,domestic
106.68.49.236,AU,Melbourne,-37.8142454,144.9631732,domestic
106.68.49.236,AU,Melbourne,-37.8142454,144.9631732,domestic
110.146.148.28,AU,Perth,-31.9558933,115.8605855,domestic
122.151.113.137,AU,Perth,-31.9558933,115.8605855,domestic
122.151.113.137,AU,Perth,-31.9558933,115.8605855,domestic
1.146.133.62,AU,Perth,-31.9558933,115.8605855,domestic
101.118.172.19,AU,North Sydney,-33.8354519,151.2083011,domestic
180.150.80.213,AU,Bedfordale,-32.179239,116.0652304,domestic
180.150.80.213,AU,Bedfordale,-32.179239,116.0652304,domestic
110.174.36.172,AU,Perth,-31.9558933,115.8605855,domestic
220.245.253.51,AU,Perth,-31.9558933,115.8605855,domestic
49.194.59.77,AU,Perth,-31.9558933,115.8605855,domestic
49.194.59.77,AU,Perth,-31.9558933,115.8605855,domestic
49.196.72.241,AU,Claremont,-31.980291,115.7839988,domestic
49.196.72.241,AU,Claremont,-31.980291,115.7839988,domestic
49.196.84.118,AU,Cowaramup,-33.8512674,115.1029727,domestic
130.95.254.186,AU,Claremont,-31.980291,115.7839988,domestic
130.95.254.186,AU,Claremont,-31.980291,115.7839988,domestic
130.95.40.100,AU,Crawley,-31.9746305,115.8175988,domestic
130.95.254.121,AU,Claremont,-31.980291,115.7839988,domestic
130.95.254.121,AU,Claremont,-31.980291,115.7839988,domestic
130.95.254.2,AU,Claremont,-31.980291,115.7839988,domestic
125.63.25.42,AU,Claremont,-31.980291,115.7839988,domestic
130.95.254.144,AU,Claremont,-31.980291,115.7839988,domestic
130.95.254.147,AU,Claremont,-31.980291,115.7839988,domestic
58.7.184.243,AU,Melbourne,-37.8142454,144.9631732,domestic
58.7.184.243,AU,Melbourne,-37.8142454,144.9631732,domestic
130.95.254.141,AU,Claremont,-31.980291,115.7839988,domestic
125.63.29.78,AU,Perth,-31.9558933,115.8605855,domestic
130.95.40.100,AU,Crawley,-31.9746305,115.8175988,domestic
130.95.40.100,AU,Crawley,-31.9746305,115.8175988,domestic
130.95.40.100,AU,Crawley,-31.9746305,115.8175988,domestic
130.95.40.100,AU,Crawley,-31.9746305,115.8175988,domestic
203.220.202.57,AU,Perth,-31.9558933,115.8605855,domestic
123.243.174.102,AU,Trigg,-31.875679,115.755874,domestic
123.243.174.102,AU,Trigg,-31.875679,115.755874,domestic
130.95.254.105,AU,Claremont,-31.980291,115.7839988,domestic
130.95.254.105,AU,Claremont,-31.980291,115.7839988,domestic
130.95.254.105,AU,Claremont,-31.980291,115.7839988,domestic
130.95.254.105,AU,Claremont,-31.980291,115.7839988,domestic
58.171.55.222,AU,Perth,-31.9558933,115.8605855,domestic
58.171.55.222,AU,Perth,-31.9558933,115.8605855,domestic
130.95.254.3,AU,Claremont,-31.980291,115.7839988,domestic
130.95.254.213,AU,Claremont,-31.980291,115.7839988,domestic
130.95.254.26,AU,Claremont,-31.980291,115.7839988,domestic
130.95.254.115,AU,Claremont,-31.980291,115.7839988,domestic
130.95.254.47,AU,Claremont,-31.980291,115.7839988,domestic
130.95.254.47,AU,Claremont,-31.980291,115.7839988,domestic
130.95.254.47,AU,Claremont,-31.980291,115.7839988,domestic
130.95.254.47,AU,Claremont,-31.980291,115.7839988,domestic
130.95.254.47,AU,Claremont,-31.980291,115.7839988,domestic
130.95.254.47,AU,Claremont,-31.980291,115.7839988,domestic
125.63.29.49,AU,Perth,-31.9558933,115.8605855,domestic
49.196.169.138,AU,Joondalup,-31.77955,115.76474475668536,domestic
49.196.169.138,AU,Joondalup,-31.77955,115.76474475668536,domestic
49.192.22.225,AU,Perth,-31.9558933,115.8605855,domestic
101.189.31.34,AU,Perth,-31.9558933,115.8605855,domestic
101.189.31.34,AU,Perth,-31.9558933,115.8605855,domestic
101.185.203.81,AU,Perth,-31.9558933,115.8605855,domestic
49.196.200.189,AU,Perth,-31.9558933,115.8605855,domestic
130.95.254.43,AU,Claremont,-31.980291,115.7839988,domestic
130.95.254.43,AU,Claremont,-31.980291,115.7839988,domestic
130.95.254.43,AU,Claremont,-31.980291,115.7839988,domestic
130.95.254.43,AU,Claremont,-31.980291,115.7839988,domestic
130.95.254.75,AU,Claremont,-31.980291,115.7839988,domestic
60.225.2.241,AU,Perth,-31.9558933,115.8605855,domestic
130.95.254.101,AU,Claremont,-31.980291,115.7839988,domestic
130.95.254.8,AU,Claremont,-31.980291,115.7839988,domestic
130.95.254.8,AU,Claremont,-31.980291,115.7839988,domestic
124.189.183.162,AU,Claremont,-31.980291,115.7839988,domestic
49.194.78.165,AU,Perth,-31.9558933,115.8605855,domestic
49.183.67.88,AU,Beaumont,-34.9499756,138.6593163,domestic
130.95.254.80,AU,Claremont,-31.980291,115.7839988,domestic
180.150.81.235,AU,Leinster,-27.9141349,120.6977266,domestic
180.150.81.235,AU,Leinster,-27.9141349,120.6977266,domestic
159.196.133.234,AU,East Fremantle,-32.035363000000004,115.76878040412583,domestic
159.196.133.234,AU,East Fremantle,-32.035363000000004,115.76878040412583,domestic
203.217.65.182,AU,Trigg,-31.875679,115.755874,domestic
203.217.65.182,AU,Trigg,-31.875679,115.755874,domestic
27.33.59.209,AU,Perth,-31.9558933,115.8605855,domestic
110.146.146.208,AU,Perth,-31.9558933,115.8605855,domestic
134.7.244.28,AU,Bentley,-32.0084461,115.9065455,domestic
134.7.244.28,AU,Bentley,-32.0084461,115.9065455,domestic
134.7.244.28,AU,Bentley,-32.0084461,115.9065455,domestic
49.192.209.162,AU,Burswood,-31.9602196,115.8962701,domestic
49.192.209.162,AU,Burswood,-31.9602196,115.8962701,domestic
101.185.154.155,AU,Perth,-31.9558933,115.8605855,domestic
58.175.90.20,AU,Perth,-31.9558933,115.8605855,domestic
58.175.90.20,AU,Perth,-31.9558933,115.8605855,domestic
58.175.90.20,AU,Perth,-31.9558933,115.8605855,domestic
125.63.25.232,AU,Claremont,-31.980291,115.7839988,domestic
1.126.104.231,AU,Perth,-31.9558933,115.8605855,domestic
101.189.34.186,AU,Perth,-31.9558933,115.8605855,domestic
49.192.120.40,AU,Perth,-31.9558933,115.8605855,domestic
130.95.238.146,AU,Crawley,-31.9746305,115.8175988,domestic
130.95.238.146,AU,Crawley,-31.9746305,115.8175988,domestic
1.159.146.183,AU,Perth,-31.9558933,115.8605855,domestic
120.149.3.137,AU,Perth,-31.9558933,115.8605855,domestic
120.149.3.137,AU,Perth,-31.9558933,115.8605855,domestic
130.95.40.72,AU,Crawley,-31.9746305,115.8175988,domestic
130.95.254.199,AU,Claremont,-31.980291,115.7839988,domestic
130.95.254.199,AU,Claremont,-31.980291,115.7839988,domestic
58.169.12.83,AU,Perth,-31.9558933,115.8605855,domestic
58.169.12.83,AU,Perth,-31.9558933,115.8605855,domestic
125.63.25.233,AU,Claremont,-31.980291,115.7839988,domestic
125.63.25.233,AU,Claremont,-31.980291,115.7839988,domestic
130.95.254.194,AU,Claremont,-31.980291,115.7839988,domestic
120.149.54.173,AU,Perth,-31.9558933,115.8605855,domestic
106.69.43.100,AU,North Dandalup,-32.5172772,115.9671541,domestic
106.69.43.100,AU,North Dandalup,-32.5172772,115.9671541,domestic
120.16.58.27,AU,Perth,-31.9558933,115.8605855,domestic
122.148.254.38,AU,Perth,-31.9558933,115.8605855,domestic
49.194.218.154,AU,Heathridge,-31.7585,115.7606,domestic
130.95.254.216,AU,Claremont,-31.980291,115.7839988,domestic
130.95.254.120,AU,Claremont,-31.980291,115.7839988,domestic
130.95.254.216,AU,Claremont,-31.980291,115.7839988,domestic
130.95.254.198,AU,Claremont,-31.980291,115.7839988,domestic
130.95.254.19,AU,Claremont,-31.980291,115.7839988,domestic
130.95.254.19,AU,Claremont,-31.980291,115.7839988,domestic
121.200.42.221,AU,Mullaloo,-31.7778558,115.7467741,domestic
49.196.224.101,AU,Joondalup,-31.77955,115.76474475668536,domestic
130.95.254.137,AU,Claremont,-31.980291,115.7839988,domestic
130.95.254.198,AU,Claremont,-31.980291,115.7839988,domestic
130.95.254.198,AU,Claremont,-31.980291,115.7839988,domestic
130.95.254.238,AU,Claremont,-31.980291,115.7839988,domestic
130.95.254.238,AU,Claremont,-31.980291,115.7839988,domestic
130.95.254.238,AU,Claremont,-31.980291,115.7839988,domestic
218.214.106.227,AU,Perth,-31.9558933,115.8605855,domestic
125.63.29.226,AU,Perth,-31.9558933,115.8605855,domestic
101.175.156.107,AU,Perth,-31.9558933,115.8605855,domestic
125.63.25.72,AU,Claremont,-31.980291,115.7839988,domestic
125.63.25.72,AU,Claremont,-31.980291,115.7839988,domestic
124.187.149.12,AU,Perth,-31.9558933,115.8605855,domestic
124.187.149.12,AU,Perth,-31.9558933,115.8605855,domestic
220.235.84.102,AU,Burswood,-31.9602196,115.8962701,domestic
220.235.84.102,AU,Burswood,-31.9602196,115.8962701,domestic
125.63.25.45,AU,Claremont,-31.980291,115.7839988,domestic
125.63.25.45,AU,Claremont,-31.980291,115.7839988,domestic
203.59.178.191,AU,Iluka,-31.7362652,115.7312093,domestic
203.59.178.191,AU,Iluka,-31.7362652,115.7312093,domestic
49.196.182.14,AU,Perth,-31.9558933,115.8605855,domestic
125.63.29.212,AU,Perth,-31.9558933,115.8605855,domestic
125.63.29.212,AU,Perth,-31.9558933,115.8605855,domestic
49.196.182.14,AU,Perth,-31.9558933,115.8605855,domestic
58.169.51.190,AU,Perth,-31.9558933,115.8605855,domestic
203.219.234.206,AU,Bentley,-32.0084461,115.9065455,domestic
130.95.40.101,AU,Crawley,-31.9746305,115.8175988,domestic
49.185.75.195,AU,Melbourne,-37.8142454,144.9631732,domestic
106.68.210.72,AU, Cockburn,-32.057553,115.54271118760474,domestic
106.68.210.72,AU, Cockburn,-32.057553,115.54271118760474,domestic
130.95.254.212,AU,Claremont,-31.980291,115.7839988,domestic
60.225.12.13,AU,Perth,-31.9558933,115.8605855,domestic
139.218.125.54,AU,Perth,-31.9558933,115.8605855,domestic
125.63.29.60,AU,Perth,-31.9558933,115.8605855,domestic
125.63.29.60,AU,Perth,-31.9558933,115.8605855,domestic
130.95.254.102,AU,Claremont,-31.980291,115.7839988,domestic
130.95.254.102,AU,Claremont,-31.980291,115.7839988,domestic
130.95.254.57,AU,Claremont,-31.980291,115.7839988,domestic
130.95.254.28,AU,Claremont,-31.980291,115.7839988,domestic
130.95.254.57,AU,Claremont,-31.980291,115.7839988,domestic
185.255.130.80,US,Dallas,32.7762719,-96.7968559,international
125.63.29.197,AU,Perth,-31.9558933,115.8605855,domestic
130.95.254.161,AU,Claremont,-31.980291,115.7839988,domestic
130.95.254.161,AU,Claremont,-31.980291,115.7839988,domestic
130.95.254.161,AU,Claremont,-31.980291,115.7839988,domestic
130.95.254.161,AU,Claremont,-31.980291,115.7839988,domestic
130.95.254.161,AU,Claremont,-31.980291,115.7839988,domestic
130.95.254.234,AU,Claremont,-31.980291,115.7839988,domestic
130.95.254.234,AU,Claremont,-31.980291,115.7839988,domestic
220.240.140.46,AU,Melbourne,-37.8142454,144.9631732,domestic
220.240.140.46,AU,Melbourne,-37.8142454,144.9631732,domestic
61.69.143.199,AU,Melbourne,-37.8142454,144.9631732,domestic
61.69.143.199,AU,Melbourne,-37.8142454,144.9631732,domestic
130.95.254.147,AU,Claremont,-31.980291,115.7839988,domestic
149.167.161.119,AU,Perth,-31.9558933,115.8605855,domestic
130.95.188.149,AU,Crawley,-31.9746305,115.8175988,domestic
180.150.82.15,AU, Cockburn,-32.057553,115.54271118760474,domestic
27.96.195.160,AU,Margaret River,-33.9531776,115.0769369,domestic
27.96.195.160,AU,Margaret River,-33.9531776,115.0769369,domestic
220.244.185.68,AU,Melbourne,-37.8142454,144.9631732,domestic
130.95.254.85,AU,Claremont,-31.980291,115.7839988,domestic
130.95.254.85,AU,Claremont,-31.980291,115.7839988,domestic
220.244.185.68,AU,Melbourne,-37.8142454,144.9631732,domestic
130.95.254.99,AU,Claremont,-31.980291,115.7839988,domestic
14.202.196.224,AU,Melbourne,-37.8142454,144.9631732,domestic
60.228.181.108,AU,Sydney,-33.8698439,151.2082848,domestic
60.228.181.108,AU,Sydney,-33.8698439,151.2082848,domestic
211.26.35.239,AU,East Fremantle,-32.035363000000004,115.76878040412583,domestic
211.26.35.239,AU,East Fremantle,-32.035363000000004,115.76878040412583,domestic
211.26.35.239,AU,East Fremantle,-32.035363000000004,115.76878040412583,domestic
125.63.29.55,AU,Perth,-31.9558933,115.8605855,domestic
130.95.254.158,AU,Claremont,-31.980291,115.7839988,domestic
125.63.29.55,AU,Perth,-31.9558933,115.8605855,domestic
49.192.105.165,AU,Perth,-31.9558933,115.8605855,domestic
49.192.105.165,AU,Perth,-31.9558933,115.8605855,domestic
220.240.140.124,AU,Melbourne,-37.8142454,144.9631732,domestic
14.202.241.146,AU,Melbourne,-37.8142454,144.9631732,domestic
14.202.241.146,AU,Melbourne,-37.8142454,144.9631732,domestic
120.16.119.45,AU,Bentley,-32.0084461,115.9065455,domestic
130.95.254.212,AU,Claremont,-31.980291,115.7839988,domestic
49.194.226.122,AU,Perth,-31.9558933,115.8605855,domestic
58.160.90.64,AU,Perth,-31.9558933,115.8605855,domestic
58.160.90.64,AU,Perth,-31.9558933,115.8605855,domestic
1.146.181.77,AU,Perth,-31.9558933,115.8605855,domestic
130.95.254.43,AU,Claremont,-31.980291,115.7839988,domestic
130.95.40.98,AU,Crawley,-31.9746305,115.8175988,domestic
130.95.254.117,AU,Claremont,-31.980291,115.7839988,domestic
130.95.40.98,AU,Crawley,-31.9746305,115.8175988,domestic
60.225.14.87,AU,Perth,-31.9558933,115.8605855,domestic
60.225.14.87,AU,Perth,-31.9558933,115.8605855,domestic
130.95.254.102,AU,Claremont,-31.980291,115.7839988,domestic
130.95.254.102,AU,Claremont,-31.980291,115.7839988,domestic
130.95.254.19,AU,Claremont,-31.980291,115.7839988,domestic
203.59.41.11,AU,Perth,-31.9558933,115.8605855,domestic
130.95.254.71,AU,Claremont,-31.980291,115.7839988,domestic
115.64.205.135,AU,Perth,-31.9558933,115.8605855,domestic
115.64.205.135,AU,Perth,-31.9558933,115.8605855,domestic
130.95.254.36,AU,Claremont,-31.980291,115.7839988,domestic
130.95.254.216,AU,Claremont,-31.980291,115.7839988,domestic
130.95.254.36,AU,Claremont,-31.980291,115.7839988,domestic
130.95.40.98,AU,Crawley,-31.9746305,115.8175988,domestic
130.95.254.149,AU,Claremont,-31.980291,115.7839988,domestic
130.95.40.98,AU,Crawley,-31.9746305,115.8175988,domestic
61.68.196.108,AU,Melbourne,-37.8142454,144.9631732,domestic
115.70.254.194,AU,Perth,-31.9558933,115.8605855,domestic
125.63.29.158,AU,Perth,-31.9558933,115.8605855,domestic
1.146.169.81,AU,Perth,-31.9558933,115.8605855,domestic
101.118.226.167,AU,North Sydney,-33.8354519,151.2083011,domestic
130.95.254.146,AU,Claremont,-31.980291,115.7839988,domestic
101.187.152.73,AU,Perth,-31.9558933,115.8605855,domestic
120.16.229.50,AU,Joondalup,-31.77955,115.76474475668536,domestic
110.146.164.176,AU,Perth,-31.9558933,115.8605855,domestic
159.196.133.232,AU,East Fremantle,-32.035363000000004,115.76878040412583,domestic
106.69.9.104,AU,Perth,-31.9558933,115.8605855,domestic
130.95.254.237,AU,Claremont,-31.980291,115.7839988,domestic
49.194.116.55,AU,Perth,-31.9558933,115.8605855,domestic
220.244.209.124,AU,Perth,-31.9558933,115.8605855,domestic
180.150.83.31,AU,Leinster,-27.9141349,120.6977266,domestic
180.150.83.31,AU,Leinster,-27.9141349,120.6977266,domestic
49.194.40.230,AU,Perth,-31.9558933,115.8605855,domestic
121.44.72.139,AU,Perth,-31.9558933,115.8605855,domestic
147.69.122.24,AU,Perth,-31.9558933,115.8605855,domestic
1.127.107.214,AU,Bedfordale,-32.179239,116.0652304,domestic
159.196.133.232,AU,East Fremantle,-32.035363000000004,115.76878040412583,domestic
1.159.223.159,AU,Perth,-31.9558933,115.8605855,domestic
106.69.178.151,AU,Burswood,-31.9602196,115.8962701,domestic
49.194.40.230,AU,Perth,-31.9558933,115.8605855,domestic
125.63.25.161,AU,Claremont,-31.980291,115.7839988,domestic
1.159.173.73,AU,Perth,-31.9558933,115.8605855,domestic
1.159.173.73,AU,Perth,-31.9558933,115.8605855,domestic
130.95.254.172,AU,Claremont,-31.980291,115.7839988,domestic
106.69.44.123,AU,North Dandalup,-32.5172772,115.9671541,domestic
101.189.4.187,AU,Perth,-31.9558933,115.8605855,domestic
101.189.4.187,AU,Perth,-31.9558933,115.8605855,domestic
110.141.231.204,AU,Joondalup,-31.77955,115.76474475668536,domestic
86.48.13.112,JP,Shibuya,35.6645956,139.6987107,international
124.170.42.21,AU,Perth,-31.9558933,115.8605855,domestic
124.170.42.21,AU,Perth,-31.9558933,115.8605855,domestic
139.218.126.60,AU,Perth,-31.9558933,115.8605855,domestic
110.174.59.166,AU,Melbourne,-37.8142454,144.9631732,domestic
101.185.172.232,AU,Perth,-31.9558933,115.8605855,domestic
180.150.80.26,AU,Leinster,-27.9141349,120.6977266,domestic
130.95.254.72,AU,Claremont,-31.980291,115.7839988,domestic
60.225.68.48,AU,Perth,-31.9558933,115.8605855,domestic
60.225.68.48,AU,Perth,-31.9558933,115.8605855,domestic
101.118.194.108,AU,Bentley,-32.0084461,115.9065455,domestic
49.192.130.21,AU,Perth,-31.9558933,115.8605855,domestic
49.194.190.26,AU,Perth,-31.9558933,115.8605855,domestic
49.194.190.26,AU,Perth,-31.9558933,115.8605855,domestic
125.63.25.191,AU,Claremont,-31.980291,115.7839988,domestic
130.95.254.14,AU,Claremont,-31.980291,115.7839988,domestic
125.63.29.207,AU,Perth,-31.9558933,115.8605855,domestic
58.84.158.12,AU,Gladesville,-33.8275,151.1263889,domestic
61.68.124.160,AU,Perth,-31.9558933,115.8605855,domestic
61.68.124.160,AU,Perth,-31.9558933,115.8605855,domestic
130.95.254.173,AU,Claremont,-31.980291,115.7839988,domestic
125.63.29.47,AU,Perth,-31.9558933,115.8605855,domestic
125.63.29.47,AU,Perth,-31.9558933,115.8605855,domestic
125.63.25.165,AU,Claremont,-31.980291,115.7839988,domestic
125.63.25.165,AU,Claremont,-31.980291,115.7839988,domestic
130.95.254.103,AU,Claremont,-31.980291,115.7839988,domestic
130.95.254.183,AU,Claremont,-31.980291,115.7839988,domestic
130.95.254.183,AU,Claremont,-31.980291,115.7839988,domestic
130.95.254.183,AU,Claremont,-31.980291,115.7839988,domestic
147.69.9.39,AU,Perth,-31.9558933,115.8605855,domestic
147.69.9.39,AU,Perth,-31.9558933,115.8605855,domestic
1.146.240.111,AU,Perth,-31.9558933,115.8605855,domestic
125.63.29.70,AU,Perth,-31.9558933,115.8605855,domestic
58.169.33.195,AU,Perth,-31.9558933,115.8605855,domestic
58.169.33.195,AU,Perth,-31.9558933,115.8605855,domestic
60.240.225.117,AU,Melbourne,-37.8142454,144.9631732,domestic
121.44.223.37,AU,Dunsborough,-33.614656,115.1065921,domestic
121.44.223.37,AU,Dunsborough,-33.614656,115.1065921,domestic
130.95.254.162,AU,Claremont,-31.980291,115.7839988,domestic
130.95.254.162,AU,Claremont,-31.980291,115.7839988,domestic
130.95.254.153,AU,Claremont,-31.980291,115.7839988,domestic
124.170.59.22,AU,Perth,-31.9558933,115.8605855,domestic
124.170.59.22,AU,Perth,-31.9558933,115.8605855,domestic
159.196.132.237,AU,Leinster,-27.9141349,120.6977266,domestic
159.196.132.237,AU,Leinster,-27.9141349,120.6977266,domestic
60.225.76.111,AU,Perth,-31.9558933,115.8605855,domestic
60.225.76.111,AU,Perth,-31.9558933,115.8605855,domestic
172.198.95.240,AU,Perth,-31.9558933,115.8605855,domestic
130.95.254.228,AU,Claremont,-31.980291,115.7839988,domestic
130.95.254.228,AU,Claremont,-31.980291,115.7839988,domestic
101.189.101.208,AU,Perth,-31.9558933,115.8605855,domestic
120.16.0.159,AU,Perth,-31.9558933,115.8605855,domestic
120.16.0.159,AU,Perth,-31.9558933,115.8605855,domestic
110.22.108.140,AU,Perth,-31.9558933,115.8605855,domestic
110.22.108.140,AU,Perth,-31.9558933,115.8605855,domestic
101.118.162.121,AU,North Sydney,-33.8354519,151.2083011,domestic
115.64.157.77,AU,Melbourne,-37.8142454,144.9631732,domestic
115.64.157.77,AU,Melbourne,-37.8142454,144.9631732,domestic
106.69.58.102,AU,Perth,-31.9558933,115.8605855,domestic
106.69.58.102,AU,Perth,-31.9558933,115.8605855,domestic
52.63.10.107,AU,Sydney,-33.8698439,151.2082848,domestic
52.63.10.107,AU,Sydney,-33.8698439,151.2082848,domestic
130.95.254.214,AU,Claremont,-31.980291,115.7839988,domestic
130.95.254.214,AU,Claremont,-31.980291,115.7839988,domestic
130.95.254.214,AU,Claremont,-31.980291,115.7839988,domestic
130.95.254.214,AU,Claremont,-31.980291,115.7839988,domestic
130.95.254.214,AU,Claremont,-31.980291,115.7839988,domestic
130.95.254.239,AU,Claremont,-31.980291,115.7839988,domestic
110.22.116.58,AU,Perth,-31.9558933,115.8605855,domestic
110.22.116.58,AU,Perth,-31.9558933,115.8605855,domestic
110.22.116.58,AU,Perth,-31.9558933,115.8605855,domestic
110.22.116.58,AU,Perth,-31.9558933,115.8605855,domestic
147.69.1.196,AU,Perth,-31.9558933,115.8605855,domestic
147.69.1.196,AU,Perth,-31.9558933,115.8605855,domestic
130.95.254.128,AU,Claremont,-31.980291,115.7839988,domestic
125.63.25.9,AU,Claremont,-31.980291,115.7839988,domestic
125.63.25.9,AU,Claremont,-31.980291,115.7839988,domestic
125.63.25.9,AU,Claremont,-31.980291,115.7839988,domestic
130.95.254.64,AU,Claremont,-31.980291,115.7839988,domestic
130.95.254.64,AU,Claremont,-31.980291,115.7839988,domestic
101.189.19.108,AU,Perth,-31.9558933,115.8605855,domestic
101.189.19.108,AU,Perth,-31.9558933,115.8605855,domestic
1.159.188.119,AU,Perth,-31.9558933,115.8605855,domestic
130.95.254.41,AU,Claremont,-31.980291,115.7839988,domestic
163.47.57.142,AU,Perth,-31.9558933,115.8605855,domestic
130.95.254.41,AU,Claremont,-31.980291,115.7839988,domestic
130.95.254.214,AU,Claremont,-31.980291,115.7839988,domestic
130.95.254.214,AU,Claremont,-31.980291,115.7839988,domestic
130.95.254.214,AU,Claremont,-31.980291,115.7839988,domestic
130.95.254.188,AU,Claremont,-31.980291,115.7839988,domestic
120.16.46.157,AU,Perth,-31.9558933,115.8605855,domestic
49.194.74.142,AU,Bennett Springs,-31.8580515,115.9422606,domestic
49.194.74.142,AU,Bennett Springs,-31.8580515,115.9422606,domestic
49.194.74.142,AU,Bennett Springs,-31.8580515,115.9422606,domestic
103.106.88.49,AU,Claremont,-31.980291,115.7839988,domestic
1.159.183.204,AU,Perth,-31.9558933,115.8605855,domestic
101.175.166.171,AU,Perth,-31.9558933,115.8605855,domestic
130.95.254.144,AU,Claremont,-31.980291,115.7839988,domestic
180.150.80.48,AU,Leinster,-27.9141349,120.6977266,domestic
180.150.80.48,AU,Leinster,-27.9141349,120.6977266,domestic
103.210.27.56,AU,Ipswich,-27.6160323,152.7608348,domestic
49.196.68.92,AU, Cockburn,-32.057553,115.54271118760474,domestic
49.196.68.92,AU, Cockburn,-32.057553,115.54271118760474,domestic
106.68.233.8,AU,Perth,-31.9558933,115.8605855,domestic
130.95.254.210,AU,Claremont,-31.980291,115.7839988,domestic
130.95.254.210,AU,Claremont,-31.980291,115.7839988,domestic
1.159.227.64,AU,Perth,-31.9558933,115.8605855,domestic
1.159.227.64,AU,Perth,-31.9558933,115.8605855,domestic
130.95.254.60,AU,Claremont,-31.980291,115.7839988,domestic
130.95.254.60,AU,Claremont,-31.980291,115.7839988,domestic
203.217.65.170,AU,Trigg,-31.875679,115.755874,domestic
130.95.40.72,AU,Crawley,-31.9746305,115.8175988,domestic
130.95.254.190,AU,Claremont,-31.980291,115.7839988,domestic
130.95.254.190,AU,Claremont,-31.980291,115.7839988,domestic
120.16.33.167,AU,Perth,-31.9558933,115.8605855,domestic
1.159.188.235,AU,Perth,-31.9558933,115.8605855,domestic
130.95.254.145,AU,Claremont,-31.980291,115.7839988,domestic
130.95.40.72,AU,Crawley,-31.9746305,115.8175988,domestic
130.95.40.72,AU,Crawley,-31.9746305,115.8175988,domestic
58.169.83.79,AU,Perth,-31.9558933,115.8605855,domestic
58.169.83.79,AU,Perth,-31.9558933,115.8605855,domestic
130.95.254.243,AU,Claremont,-31.980291,115.7839988,domestic
130.95.254.243,AU,Claremont,-31.980291,115.7839988,domestic
159.196.82.132,AU,Leinster,-27.9141349,120.6977266,domestic
103.94.51.1,AU,Leinster,-27.9141349,120.6977266,domestic
103.94.51.1,AU,Leinster,-27.9141349,120.6977266,domestic
130.95.254.235,AU,Claremont,-31.980291,115.7839988,domestic
130.95.254.235,AU,Claremont,-31.980291,115.7839988,domestic
147.69.80.86,AU,Perth,-31.9558933,115.8605855,domestic
130.95.254.73,AU,Claremont,-31.980291,115.7839988,domestic
130.95.254.159,AU,Claremont,-31.980291,115.7839988,domestic
58.175.69.130,AU,Perth,-31.9558933,115.8605855,domestic
58.175.69.130,AU,Perth,-31.9558933,115.8605855,domestic
130.95.254.228,AU,Claremont,-31.980291,115.7839988,domestic
49.192.161.202,AU,Perth,-31.9558933,115.8605855,domestic
49.192.161.202,AU,Perth,-31.9558933,115.8605855,domestic
180.150.81.191,AU,Leinster,-27.9141349,120.6977266,domestic
1.159.201.117,AU,Perth,-31.9558933,115.8605855,domestic
130.95.40.101,AU,Crawley,-31.9746305,115.8175988,domestic
130.95.40.101,AU,Crawley,-31.9746305,115.8175988,domestic
130.95.254.131,AU,Claremont,-31.980291,115.7839988,domestic
130.95.254.131,AU,Claremont,-31.980291,115.7839988,domestic
123.243.174.102,AU,Trigg,-31.875679,115.755874,domestic
180.150.80.202,AU,Leinster,-27.9141349,120.6977266,domestic
130.95.254.107,AU,Claremont,-31.980291,115.7839988,domestic
130.95.254.107,AU,Claremont,-31.980291,115.7839988,domestic
130.95.254.107,AU,Claremont,-31.980291,115.7839988,domestic
130.95.254.107,AU,Claremont,-31.980291,115.7839988,domestic
130.95.254.85,AU,Claremont,-31.980291,115.7839988,domestic
130.95.254.69,AU,Claremont,-31.980291,115.7839988,domestic
130.95.254.69,AU,Claremont,-31.980291,115.7839988,domestic
49.194.105.245,AU,Perth,-31.9558933,115.8605855,domestic
130.95.40.98,AU,Crawley,-31.9746305,115.8175988,domestic
49.194.105.245,AU,Perth,-31.9558933,115.8605855,domestic
130.95.40.99,AU,Crawley,-31.9746305,115.8175988,domestic
130.95.40.99,AU,Crawley,-31.9746305,115.8175988,domestic
130.95.40.99,AU,Crawley,-31.9746305,115.8175988,domestic
130.95.254.238,AU,Claremont,-31.980291,115.7839988,domestic
130.95.254.238,AU,Claremont,-31.980291,115.7839988,domestic
101.189.18.12,AU,Perth,-31.9558933,115.8605855,domestic
101.189.18.12,AU,Perth,-31.9558933,115.8605855,domestic
60.240.21.196,AU,Perth,-31.9558933,115.8605855,domestic
60.240.21.196,AU,Perth,-31.9558933,115.8605855,domestic
203.206.118.5,AU,Bedfordale,-32.179239,116.0652304,domestic
130.95.254.238,AU,Claremont,-31.980291,115.7839988,domestic
110.22.85.218,AU,Perth,-31.9558933,115.8605855,domestic
203.219.212.39,AU,Perth,-31.9558933,115.8605855,domestic
110.22.85.218,AU,Perth,-31.9558933,115.8605855,domestic
203.219.212.39,AU,Perth,-31.9558933,115.8605855,domestic
1.126.111.216,AU,Belmont,-31.9462298,115.9336781,domestic
1.126.111.216,AU,Belmont,-31.9462298,115.9336781,domestic
203.213.61.72,AU,Perth,-31.9558933,115.8605855,domestic
203.213.61.72,AU,Perth,-31.9558933,115.8605855,domestic
220.244.160.201,AU,Perth,-31.9558933,115.8605855,domestic
27.96.192.163,AU,Leinster,-27.9141349,120.6977266,domestic
27.96.192.163,AU,Leinster,-27.9141349,120.6977266,domestic
13.210.242.103,AU,Sydney,-33.8698439,151.2082848,domestic
13.210.242.103,AU,Sydney,-33.8698439,151.2082848,domestic
13.210.242.103,AU,Sydney,-33.8698439,151.2082848,domestic
125.63.29.74,AU,Perth,-31.9558933,115.8605855,domestic
125.63.29.74,AU,Perth,-31.9558933,115.8605855,domestic
220.235.115.109,AU,Perth,-31.9558933,115.8605855,domestic
220.235.115.109,AU,Perth,-31.9558933,115.8605855,domestic
165.225.226.167,AU,Port Melbourne,-37.8333613,144.9219203,domestic
165.225.226.167,AU,Port Melbourne,-37.8333613,144.9219203,domestic
130.95.254.88,AU,Claremont,-31.980291,115.7839988,domestic
130.95.254.88,AU,Claremont,-31.980291,115.7839988,domestic
106.68.55.45,AU,Melbourne,-37.8142454,144.9631732,domestic
106.68.55.45,AU,Melbourne,-37.8142454,144.9631732,domestic
106.68.55.45,AU,Melbourne,-37.8142454,144.9631732,domestic
106.69.228.165,AU,Perth,-31.9558933,115.8605855,domestic
124.189.135.71,AU,Perth,-31.9558933,115.8605855,domestic
124.189.135.71,AU,Perth,-31.9558933,115.8605855,domestic
110.142.189.71,AU,Southport,-27.9687807,153.4066696,domestic
110.142.189.71,AU,Southport,-27.9687807,153.4066696,domestic
130.95.254.239,AU,Claremont,-31.980291,115.7839988,domestic
130.95.254.239,AU,Claremont,-31.980291,115.7839988,domestic
125.63.25.107,AU,Claremont,-31.980291,115.7839988,domestic
49.255.51.131,AU,Bentley,-32.0084461,115.9065455,domestic
125.63.25.64,AU,Claremont,-31.980291,115.7839988,domestic
125.63.25.64,AU,Claremont,-31.980291,115.7839988,domestic
14.203.176.248,AU,Perth,-31.9558933,115.8605855,domestic
125.63.29.227,AU,Perth,-31.9558933,115.8605855,domestic
130.95.254.128,AU,Claremont,-31.980291,115.7839988,domestic
130.95.254.118,AU,Claremont,-31.980291,115.7839988,domestic
130.95.254.118,AU,Claremont,-31.980291,115.7839988,domestic
130.95.254.142,AU,Claremont,-31.980291,115.7839988,domestic
130.95.254.148,AU,Claremont,-31.980291,115.7839988,domestic
130.95.254.111,AU,Claremont,-31.980291,115.7839988,domestic
13.55.238.214,AU,Sydney,-33.8698439,151.2082848,domestic
1.146.182.150,AU,Perth,-31.9558933,115.8605855,domestic
125.63.25.165,AU,Claremont,-31.980291,115.7839988,domestic
125.63.25.165,AU,Claremont,-31.980291,115.7839988,domestic
125.63.25.165,AU,Claremont,-31.980291,115.7839988,domestic
101.118.233.216,AU,North Sydney,-33.8354519,151.2083011,domestic
130.95.254.58,AU,Claremont,-31.980291,115.7839988,domestic
130.95.254.58,AU,Claremont,-31.980291,115.7839988,domestic
130.95.254.110,AU,Claremont,-31.980291,115.7839988,domestic
130.95.254.110,AU,Claremont,-31.980291,115.7839988,domestic
149.167.161.24,AU,Perth,-31.9558933,115.8605855,domestic
149.167.161.24,AU,Perth,-31.9558933,115.8605855,domestic
149.167.161.24,AU,Perth,-31.9558933,115.8605855,domestic
14.203.176.248,AU,Perth,-31.9558933,115.8605855,domestic
125.63.29.85,AU,Perth,-31.9558933,115.8605855,domestic
125.63.29.85,AU,Perth,-31.9558933,115.8605855,domestic
49.192.145.36,AU,Perth,-31.9558933,115.8605855,domestic
49.192.145.36,AU,Perth,-31.9558933,115.8605855,domestic
159.196.134.93,AU,Perth,-31.9558933,115.8605855,domestic
159.196.134.93,AU,Perth,-31.9558933,115.8605855,domestic
125.63.29.236,AU,Perth,-31.9558933,115.8605855,domestic
125.63.29.236,AU,Perth,-31.9558933,115.8605855,domestic
203.59.10.213,AU,Perth,-31.9558933,115.8605855,domestic
203.59.10.213,AU,Perth,-31.9558933,115.8605855,domestic
203.59.10.213,AU,Perth,-31.9558933,115.8605855,domestic
14.202.196.224,AU,Melbourne,-37.8142454,144.9631732,domestic
130.95.40.101,AU,Crawley,-31.9746305,115.8175988,domestic
121.217.65.86,AU,Perth,-31.9558933,115.8605855,domestic
220.235.82.193,AU,Perth,-31.9558933,115.8605855,domestic
121.217.65.86,AU,Perth,-31.9558933,115.8605855,domestic
125.63.25.222,AU,Claremont,-31.980291,115.7839988,domestic
125.63.25.222,AU,Claremont,-31.980291,115.7839988,domestic
130.95.254.3,AU,Claremont,-31.980291,115.7839988,domestic
130.95.254.3,AU,Claremont,-31.980291,115.7839988,domestic
130.95.254.85,AU,Claremont,-31.980291,115.7839988,domestic
125.63.29.66,AU,Perth,-31.9558933,115.8605855,domestic
101.185.220.100,AU,Perth,-31.9558933,115.8605855,domestic
101.185.220.100,AU,Perth,-31.9558933,115.8605855,domestic
58.64.14.199,TH,Ratchathewi (Khwaeng Samsen Nai),,,international
223.27.193.140,TH,Patong,7.8994173,98.30864523517414,international
130.95.254.127,AU,Claremont,-31.980291,115.7839988,domestic
130.95.40.100,AU,Crawley,-31.9746305,115.8175988,domestic
60.242.31.219,AU,Melbourne,-37.8142454,144.9631732,domestic
60.242.31.219,AU,Melbourne,-37.8142454,144.9631732,domestic
106.69.44.123,AU,North Dandalup,-32.5172772,115.9671541,domestic
106.69.44.123,AU,North Dandalup,-32.5172772,115.9671541,domestic
130.95.254.133,AU,Claremont,-31.980291,115.7839988,domestic
60.225.77.91,AU,Perth,-31.9558933,115.8605855,domestic
60.225.77.91,AU,Perth,-31.9558933,115.8605855,domestic
60.225.77.91,AU,Perth,-31.9558933,115.8605855,domestic
130.95.254.139,AU,Claremont,-31.980291,115.7839988,domestic
220.235.69.251,AU,Melbourne,-37.8142454,144.9631732,domestic
220.235.69.251,AU,Melbourne,-37.8142454,144.9631732,domestic
130.95.254.224,AU,Claremont,-31.980291,115.7839988,domestic
130.95.254.224,AU,Claremont,-31.980291,115.7839988,domestic
130.95.254.224,AU,Claremont,-31.980291,115.7839988,domestic
1.159.214.219,AU,Perth,-31.9558933,115.8605855,domestic
130.95.254.224,AU,Claremont,-31.980291,115.7839988,domestic
14.202.85.146,AU,Perth,-31.9558933,115.8605855,domestic
14.202.85.146,AU,Perth,-31.9558933,115.8605855,domestic
130.95.40.101,AU,Crawley,-31.9746305,115.8175988,domestic
130.95.40.101,AU,Crawley,-31.9746305,115.8175988,domestic
130.95.254.97,AU,Claremont,-31.980291,115.7839988,domestic
125.63.25.113,AU,Claremont,-31.980291,115.7839988,domestic
125.63.25.113,AU,Claremont,-31.980291,115.7839988,domestic
103.94.51.1,AU,Leinster,-27.9141349,120.6977266,domestic
130.95.254.168,AU,Claremont,-31.980291,115.7839988,domestic
120.16.81.255,AU,Bennett Springs,-31.8580515,115.9422606,domestic
120.16.81.255,AU,Bennett Springs,-31.8580515,115.9422606,domestic
130.95.254.80,AU,Claremont,-31.980291,115.7839988,domestic
130.95.254.80,AU,Claremont,-31.980291,115.7839988,domestic
130.95.40.101,AU,Crawley,-31.9746305,115.8175988,domestic
130.95.40.101,AU,Crawley,-31.9746305,115.8175988,domestic
130.95.40.101,AU,Crawley,-31.9746305,115.8175988,domestic
130.95.40.101,AU,Crawley,-31.9746305,115.8175988,domestic
130.95.254.74,AU,Claremont,-31.980291,115.7839988,domestic
130.95.254.21,AU,Claremont,-31.980291,115.7839988,domestic
203.63.76.174,AU,Sydney,-33.8698439,151.2082848,domestic
125.63.25.19,AU,Claremont,-31.980291,115.7839988,domestic
125.63.25.19,AU,Claremont,-31.980291,115.7839988,domestic
203.206.246.240,AU,Bennett Springs,-31.8580515,115.9422606,domestic
144.138.149.220,AU,Sydney,-33.8698439,151.2082848,domestic
49.255.51.131,AU,Bentley,-32.0084461,115.9065455,domestic
49.255.51.131,AU,Bentley,-32.0084461,115.9065455,domestic
49.255.51.131,AU,Bentley,-32.0084461,115.9065455,domestic
49.194.218.39,AU,Heathridge,-31.7585,115.7606,domestic
49.194.218.39,AU,Heathridge,-31.7585,115.7606,domestic
49.194.218.39,AU,Heathridge,-31.7585,115.7606,domestic
1.159.202.222,AU,Perth,-31.9558933,115.8605855,domestic
1.159.202.222,AU,Perth,-31.9558933,115.8605855,domestic
1.159.202.222,AU,Perth,-31.9558933,115.8605855,domestic
123.208.144.178,AU,Perth,-31.9558933,115.8605855,domestic
124.178.160.53,AU,Sydney,-33.8698439,151.2082848,domestic
1.126.110.252,AU,Broome,-17.9566909,122.2240181,domestic
1.126.110.252,AU,Broome,-17.9566909,122.2240181,domestic
202.7.181.84,AU,Melbourne,-37.8142454,144.9631732,domestic
180.150.81.58,AU,Leinster,-27.9141349,120.6977266,domestic
49.196.232.91,AU,Perth,-31.9558933,115.8605855,domestic
49.196.232.91,AU,Perth,-31.9558933,115.8605855,domestic
206.83.119.238,AU,Sydney,-33.8698439,151.2082848,domestic
206.83.119.238,AU,Sydney,-33.8698439,151.2082848,domestic
206.83.119.238,AU,Sydney,-33.8698439,151.2082848,domestic
125.63.25.99,AU,Claremont,-31.980291,115.7839988,domestic
130.95.254.10,AU,Claremont,-31.980291,115.7839988,domestic
120.149.93.215,AU,Perth,-31.9558933,115.8605855,domestic
14.202.241.154,AU,Melbourne,-37.8142454,144.9631732,domestic
14.202.241.154,AU,Melbourne,-37.8142454,144.9631732,domestic
14.202.241.154,AU,Melbourne,-37.8142454,144.9631732,domestic
220.244.69.211,AU,Melbourne,-37.8142454,144.9631732,domestic
180.150.88.209,AU,Leinster,-27.9141349,120.6977266,domestic
180.150.88.209,AU,Leinster,-27.9141349,120.6977266,domestic
130.95.254.58,AU,Claremont,-31.980291,115.7839988,domestic
130.95.254.58,AU,Claremont,-31.980291,115.7839988,domestic
130.95.254.71,AU,Claremont,-31.980291,115.7839988,domestic
130.95.254.58,AU,Claremont,-31.980291,115.7839988,domestic
130.95.40.101,AU,Crawley,-31.9746305,115.8175988,domestic
130.95.40.101,AU,Crawley,-31.9746305,115.8175988,domestic
180.150.81.184,AU,Leinster,-27.9141349,120.6977266,domestic
103.89.81.199,AU,Perth,-31.9558933,115.8605855,domestic
180.150.83.211,AU,Leinster,-27.9141349,120.6977266,domestic
180.150.83.211,AU,Leinster,-27.9141349,120.6977266,domestic
193.119.40.70,AU,Perth,-31.9558933,115.8605855,domestic
193.119.40.70,AU,Perth,-31.9558933,115.8605855,domestic
49.194.28.131,AU,Perth,-31.9558933,115.8605855,domestic
49.194.28.131,AU,Perth,-31.9558933,115.8605855,domestic
124.148.70.161,AU,Melbourne,-37.8142454,144.9631732,domestic
124.148.70.161,AU,Melbourne,-37.8142454,144.9631732,domestic
130.95.254.196,AU,Claremont,-31.980291,115.7839988,domestic
130.95.254.196,AU,Claremont,-31.980291,115.7839988,domestic
49.194.172.133,AU,Perth,-31.9558933,115.8605855,domestic
49.194.172.133,AU,Perth,-31.9558933,115.8605855,domestic
49.192.29.122,AU,Perth,-31.9558933,115.8605855,domestic
130.95.254.66,AU,Claremont,-31.980291,115.7839988,domestic
130.95.254.66,AU,Claremont,-31.980291,115.7839988,domestic
130.95.254.13,AU,Claremont,-31.980291,115.7839988,domestic
130.95.254.13,AU,Claremont,-31.980291,115.7839988,domestic
211.26.39.183,AU,Perth,-31.9558933,115.8605855,domestic
149.167.162.248,AU,Perth,-31.9558933,115.8605855,domestic
101.189.110.163,AU,Perth,-31.9558933,115.8605855,domestic
101.189.110.163,AU,Perth,-31.9558933,115.8605855,domestic
101.189.110.163,AU,Perth,-31.9558933,115.8605855,domestic
125.63.25.132,AU,Claremont,-31.980291,115.7839988,domestic
130.95.254.246,AU,Claremont,-31.980291,115.7839988,domestic
125.63.25.132,AU,Claremont,-31.980291,115.7839988,domestic
130.95.254.246,AU,Claremont,-31.980291,115.7839988,domestic
125.63.25.132,AU,Claremont,-31.980291,115.7839988,domestic
130.95.254.246,AU,Claremont,-31.980291,115.7839988,domestic
58.7.119.249,AU,Perth,-31.9558933,115.8605855,domestic
14.200.194.153,AU,Perth,-31.9558933,115.8605855,domestic
14.200.194.153,AU,Perth,-31.9558933,115.8605855,domestic
203.24.48.208,AU,Perth,-31.9558933,115.8605855,domestic
130.95.254.88,AU,Claremont,-31.980291,115.7839988,domestic
130.95.254.24,AU,Claremont,-31.980291,115.7839988,domestic
124.189.169.201,AU,Claremont,-31.980291,115.7839988,domestic
124.189.169.201,AU,Claremont,-31.980291,115.7839988,domestic
130.95.254.59,AU,Claremont,-31.980291,115.7839988,domestic
130.95.254.175,AU,Claremont,-31.980291,115.7839988,domestic
130.95.238.106,AU,Crawley,-31.9746305,115.8175988,domestic
106.69.7.51,AU,Perth,-31.9558933,115.8605855,domestic
130.95.238.106,AU,Crawley,-31.9746305,115.8175988,domestic
125.63.25.56,AU,Claremont,-31.980291,115.7839988,domestic
130.95.238.106,AU,Crawley,-31.9746305,115.8175988,domestic
130.95.254.215,AU,Claremont,-31.980291,115.7839988,domestic
130.95.254.135,AU,Claremont,-31.980291,115.7839988,domestic
130.95.254.135,AU,Claremont,-31.980291,115.7839988,domestic
130.95.254.135,AU,Claremont,-31.980291,115.7839988,domestic
120.16.118.58,AU,Perth,-31.9558933,115.8605855,domestic
49.192.219.188,AU,Perth,-31.9558933,115.8605855,domestic
49.192.219.188,AU,Perth,-31.9558933,115.8605855,domestic
130.95.40.101,AU,Crawley,-31.9746305,115.8175988,domestic
1.146.197.11,AU,Perth,-31.9558933,115.8605855,domestic
130.95.254.221,AU,Claremont,-31.980291,115.7839988,domestic
130.95.254.83,AU,Claremont,-31.980291,115.7839988,domestic
130.95.254.29,AU,Claremont,-31.980291,115.7839988,domestic
130.95.254.204,AU,Claremont,-31.980291,115.7839988,domestic
130.95.254.204,AU,Claremont,-31.980291,115.7839988,domestic
130.95.40.99,AU,Crawley,-31.9746305,115.8175988,domestic
101.189.44.161,AU,Karratha,-20.7370067,116.8478592,domestic
130.95.254.82,AU,Claremont,-31.980291,115.7839988,domestic
130.95.254.27,AU,Claremont,-31.980291,115.7839988,domestic
130.95.254.27,AU,Claremont,-31.980291,115.7839988,domestic
130.95.254.237,AU,Claremont,-31.980291,115.7839988,domestic
130.95.254.237,AU,Claremont,-31.980291,115.7839988,domestic
49.192.121.96,AU,Perth,-31.9558933,115.8605855,domestic
49.192.121.96,AU,Perth,-31.9558933,115.8605855,domestic
149.167.160.232,AU,Perth,-31.9558933,115.8605855,domestic
149.167.160.232,AU,Perth,-31.9558933,115.8605855,domestic
149.167.160.232,AU,Perth,-31.9558933,115.8605855,domestic
130.95.254.124,AU,Claremont,-31.980291,115.7839988,domestic
130.95.254.124,AU,Claremont,-31.980291,115.7839988,domestic
130.95.40.99,AU,Crawley,-31.9746305,115.8175988,domestic
130.95.40.99,AU,Crawley,-31.9746305,115.8175988,domestic
134.7.244.219,AU,Bentley,-32.0084461,115.9065455,domestic
134.7.244.219,AU,Bentley,-32.0084461,115.9065455,domestic
130.95.40.100,AU,Crawley,-31.9746305,115.8175988,domestic
49.196.81.128,AU,Perth,-31.9558933,115.8605855,domestic
220.244.184.16,AU,Perth,-31.9558933,115.8605855,domestic
49.196.81.128,AU,Perth,-31.9558933,115.8605855,domestic
220.244.184.16,AU,Perth,-31.9558933,115.8605855,domestic
220.158.190.205,AU,Maroubra,-33.9453441,151.2456824,domestic
125.63.25.232,AU,Claremont,-31.980291,115.7839988,domestic
125.63.25.232,AU,Claremont,-31.980291,115.7839988,domestic
120.16.188.62,AU,Perth,-31.9558933,115.8605855,domestic
120.16.188.62,AU,Perth,-31.9558933,115.8605855,domestic
60.225.2.241,AU,Perth,-31.9558933,115.8605855,domestic
60.225.2.241,AU,Perth,-31.9558933,115.8605855,domestic
121.200.35.81,AU,Perth,-31.9558933,115.8605855,domestic
121.200.35.81,AU,Perth,-31.9558933,115.8605855,domestic
120.16.97.31,AU,Perth,-31.9558933,115.8605855,domestic
125.63.29.186,AU,Perth,-31.9558933,115.8605855,domestic
130.95.254.222,AU,Claremont,-31.980291,115.7839988,domestic
130.95.254.222,AU,Claremont,-31.980291,115.7839988,domestic
58.7.92.219,AU,Melbourne,-37.8142454,144.9631732,domestic
58.7.92.219,AU,Melbourne,-37.8142454,144.9631732,domestic
125.63.25.14,AU,Claremont,-31.980291,115.7839988,domestic
125.63.25.14,AU,Claremont,-31.980291,115.7839988,domestic
114.198.10.141,AU,Perth,-31.9558933,115.8605855,domestic
114.198.10.141,AU,Perth,-31.9558933,115.8605855,domestic
58.175.82.3,AU,Perth,-31.9558933,115.8605855,domestic
58.175.82.3,AU,Perth,-31.9558933,115.8605855,domestic
138.217.254.89,AU,Sydney,-33.8698439,151.2082848,domestic
138.217.254.89,AU,Sydney,-33.8698439,151.2082848,domestic
