Date,Column,Grade Category,Last Edited by: Name,Last Edited by: Username,Last Edited by: Role,Last Edited by: IP Address,User,Username,Submission Attempt Number,Submission Receipt Number,Type,Value,Attempt Activity,Event,Formative Indicator
26/05/2023 16:38,Quiz 2 | Learning,Test,,73152231,S,1.159.239.145,,73152231,,,Grade,5,26/05/2023 16:37,Attempt Grade,
6/03/2023 11:22,Quiz 2 | Learning,Test,,74608934,S,49.183.6.79,,74608934,,,Grade,4,6/03/2023 11:17,Attempt Grade,
23/05/2023 18:07,Quiz 2 | Learning,Test,,73492890,S,66.115.147.73,,73492890,,,Grade,3,23/05/2023 18:07,Attempt Grade,
7/05/2023 1:29,Quiz 2 | Learning,Test,,74740067,S,81.153.102.25,,74740067,,,Grade,1,7/05/2023 1:27,Attempt Grade,
26/05/2023 16:38,Quiz 2 | Learning,Test,,73152231,S,1.159.239.140,,73152231,,,Grade,5,26/05/2023 16:37,Attempt Grade,
