73152231,1.159.239.145
73113211,130.95.254.67
75271364,58.178.219.34
73152231,1.159.239.145
75114917,180.150.81.170
75056422,60.241.66.23
71278970,218.215.214.239
74597297,106.68.231.231
74597297,106.68.231.231
73340333,106.68.214.213
74691723,120.16.189.64
73585410,220.245.38.144
72523352,125.63.25.175
72523352,125.63.25.175
74557736,121.200.42.73
73534778,61.245.136.51
73534778,61.245.136.51
73534778,61.245.136.51
74657353,120.16.156.149
74611559,130.95.254.171
66952323,58.7.209.53
74703360,58.169.79.193
74419897,125.63.25.45
75128177,147.69.121.39
72814311,101.175.176.55
72814311,101.175.176.55
74697149,203.217.78.141
73276450,1.159.163.63
71965129,124.189.135.222
74845062,106.68.9.8
72848446,60.241.82.99
73509516,157.211.97.15
74419897,125.63.29.201
72619242,1.146.188.208
73447046,120.16.210.169
73417050,114.198.114.109
73417050,114.198.114.109
74887119,49.194.69.148
75078128,101.175.176.254
75078128,101.175.176.254
74889041,49.192.42.146
73115889,49.196.203.82
74373666,125.63.29.87
74968574,106.69.187.234
73075267,125.63.29.68
73539017,194.223.92.25
74510687,218.214.106.227
75221950,1.146.141.30
75221950,1.146.141.30
74622138,159.196.132.150
74588838,120.16.81.222
74796960,106.69.8.104
73501572,58.169.31.89
74687377,125.63.25.253
74750294,203.132.91.88
75239088,220.233.44.11
75239088,220.233.44.11
74588084,110.146.164.143
75080584,58.175.89.130
70718125,101.185.225.58
74805671,106.68.183.231
75215660,130.95.254.218
72642437,49.255.165.82
73735797,80.249.1.179
74499605,130.95.40.103
74948553,124.188.223.215
69023508,110.142.189.235
73532071,58.169.63.183
73532071,58.169.63.183
74324557,130.95.254.244
74573191,115.70.28.206
74708208,125.63.29.203
74487994,130.95.40.98
75265872,147.69.131.143
75151909,120.149.2.18
75151909,120.149.2.18
75136206,130.95.254.234
74795723,130.95.254.166
74795723,130.95.254.166
74795723,130.95.254.166
74725378,101.118.143.34
74989348,101.175.174.141
74755431,14.201.146.80
74755431,14.201.146.80
72142087,134.7.244.195
72142087,134.7.244.195
72892770,130.95.254.66
75118311,116.206.185.138
74597297,60.241.63.163
74889097,1.159.138.249
74889097,1.159.138.249
74170901,49.194.144.93
74244367,110.175.64.85
74244367,110.175.64.85
74339211,101.118.205.4
73371743,14.200.220.86
74867252,130.95.40.98
74917031,130.95.40.98
73451530,130.95.254.117
72768153,120.16.175.38
72768153,120.16.175.38
74541678,58.175.70.73
75017454,194.223.95.196
75017454,194.223.95.196
74283426,123.208.216.50
74283426,123.208.216.50
75365266,203.219.72.135
75365266,203.219.72.135
74687406,130.95.254.33
72520338,49.192.129.208
72520338,49.192.129.208
74679710,103.94.51.1
73289920,203.59.181.82
73289920,203.59.181.82
72627468,130.95.40.100
72627468,130.95.40.100
74637166,130.95.254.50
74637166,130.95.254.50
73202205,202.171.182.204
72524257,106.68.241.41
72524257,106.68.241.41
72524257,106.68.241.41
74493668,123.208.238.23
74317712,58.173.51.206
74691918,121.200.36.195
75380237,130.95.254.199
75380237,130.95.254.199
74563636,60.242.90.190
74563636,60.242.90.190
74563636,60.242.90.190
73492890,66.115.147.73
72643674,130.95.254.124
75084223,149.167.162.98
74253533,106.69.56.155
74253533,106.69.56.155
74537009,130.95.254.128
75274099,101.185.135.52
75274099,101.185.135.52
75274099,101.185.135.52
72113607,49.255.81.154
72113607,49.255.81.154
72851859,123.208.145.59
75061094,130.95.40.102
74674629,130.95.254.135
75395177,130.95.254.80
74674629,130.95.254.135
75395177,130.95.254.80
74701639,130.95.40.100
74494450,130.95.254.202
74498506,61.68.199.111
74498506,61.68.199.111
74498506,61.68.199.111
74790897,101.189.3.222
65500981,203.217.76.2
74923066,139.216.226.10
74923066,139.216.226.10
74660424,194.223.186.89
74660424,194.223.186.89
73771273,106.69.180.153
74641703,101.185.161.161
74574849,49.255.1.192
74574849,49.255.1.192
74576008,1.159.239.137
73214338,118.209.199.114
73214338,118.209.199.114
75091546,157.211.98.103
73351355,106.68.189.25
73488861,49.194.158.186
74440460,106.69.174.52
74673904,130.95.254.176
74673904,130.95.254.176
74750378,103.94.51.1
74485984,110.22.150.141
71315881,1.146.147.195
74395825,130.95.254.137
75239339,124.171.246.218
74390930,58.160.92.106
74390930,58.160.92.106
74858058,130.95.108.251
74858058,130.95.108.251
74858058,130.95.108.251
74858058,130.95.108.251
72157015,118.102.70.220
74858058,130.95.154.173
74858058,130.95.108.251
73225472,202.94.72.254
73225472,202.94.72.254
73225472,202.94.72.254
74711398,106.68.240.177
75268544,159.196.132.133
74375227,130.95.254.180
74375227,130.95.254.180
75118311,120.16.190.125
71004029,134.7.244.182
71004029,134.7.244.182
74711398,106.68.240.177
74694738,130.95.254.160
74694738,130.95.254.160
74694738,130.95.254.160
74694738,130.95.254.160
75202545,130.105.160.59
75361963,124.188.200.210
73395484,120.149.104.92
73395484,120.149.104.92
74552182,125.63.29.203
74528986,130.95.254.117
74642262,3.25.151.22
74642262,3.25.151.22
75166491,220.235.33.94
75166491,220.235.33.94
75389403,124.187.143.76
74703360,101.175.150.129
74703360,101.175.150.129
74703360,101.175.150.129
73277568,58.169.11.107
73277568,58.169.11.107
73433064,110.175.45.226
73433064,110.175.45.226
74768678,130.95.254.109
74685406,130.95.108.207
74685406,130.95.108.207
74575506,130.95.254.241
74284971,139.216.56.225
74511274,58.7.217.211
74511274,58.7.217.211
74768678,130.95.40.111
71743681,147.69.23.39
74729730,120.149.32.55
73244585,49.192.120.40
73410261,14.202.241.241
73410261,14.202.241.241
74603539,203.123.103.4
74603539,203.123.103.4
75460270,130.95.254.132
75460270,130.95.254.132
75460270,130.95.254.132
74953323,130.95.254.166
75362270,130.95.254.92
75084223,130.95.40.98
72288920,180.150.80.200
73749560,125.63.25.142
74512944,58.160.87.17
73776485,125.63.25.204
75224286,101.189.82.10
75224286,101.189.82.10
74209608,49.194.24.141
72776414,115.70.210.235
72776414,115.70.210.235
74875366,125.63.29.21
73749560,125.63.25.57
75360446,159.196.132.88
75360446,159.196.132.88
75360446,159.196.132.88
74170540,130.95.254.51
74761887,130.95.254.249
74892231,114.198.12.197
74495260,106.68.247.46
74495260,106.68.247.46
74495260,106.68.247.46
75251491,130.95.254.144
75251491,130.95.254.144
75251491,130.95.254.144
73438731,130.95.254.68
73438731,130.95.254.68
73343235,101.118.185.237
74676212,130.95.254.179
74969896,49.192.145.177
74204712,80.249.10.198
74204712,80.249.10.198
75434088,180.150.80.13
75434088,180.150.80.13
74510297,49.192.143.179
69170096,58.175.71.213
74488383,130.95.40.101
74488383,130.95.254.153
74350609,149.167.161.138
74350609,149.167.161.138
74672230,115.64.75.173
74240989,1.146.236.90
74240989,1.146.236.90
74240989,1.146.236.90
73244054,203.206.119.111
73244054,203.206.119.111
73244054,203.206.119.111
74651343,115.70.127.22
74736204,106.68.26.54
74949800,60.242.155.210
74662845,157.211.102.38
74662845,157.211.102.38
73502558,49.192.190.18
74304787,49.196.53.132
74304787,49.196.53.132
74968574,106.69.186.230
31918160,220.245.35.123
31918160,220.245.35.123
31918160,220.245.35.123
31918160,220.245.35.123
31918160,220.245.35.123
74622047,120.149.111.84
72245742,130.95.254.154
72245742,130.95.254.154
74564874,130.95.254.80
74564874,130.95.254.80
75121410,130.95.40.100
74338030,130.95.254.248
74768091,130.95.254.178
74768091,130.95.254.178
70716320,130.95.254.88
75307182,125.63.25.27
75307182,125.63.25.27
75105735,121.200.42.170
75105735,121.200.42.170
74237519,125.63.29.113
74237519,125.63.29.113
74684985,194.223.71.132
74684985,194.223.71.132
75115576,130.95.254.193
74575393,130.95.254.154
74575393,130.95.254.154
75115576,130.95.254.193
74743222,110.22.8.88
74743222,110.22.8.88
75248141,180.150.80.80
75248141,180.150.80.80
74607873,130.95.254.183
74607873,130.95.254.183
74820586,130.95.254.39
74820586,130.95.254.39
74917382,120.16.143.98
74917382,120.16.143.98
74691667,130.95.254.202
74491482,101.118.159.26
74929776,124.169.102.85
74929776,124.169.102.85
74654367,130.95.254.239
74237491,180.150.85.92
72108445,147.69.56.236
68273234,180.150.80.219
74907196,130.95.254.148
74907196,130.95.254.148
64420843,103.108.231.19
64420843,103.108.231.19
75252477,203.206.250.171
75252477,203.206.250.171
74905761,103.94.51.1
74905761,103.94.51.1
74740067,81.153.102.25
74750378,1.159.224.105
74469414,130.95.254.118
74469414,130.95.254.118
74944971,121.217.169.62
75193128,110.174.213.114
75193128,110.174.213.114
75193128,110.174.213.114
74793911,1.127.106.239
74661579,130.95.254.124
73531308,106.68.148.41
73531308,106.68.148.41
74757271,130.95.254.27
74757271,1.146.169.134
74708488,58.178.211.118
74732707,106.69.47.105
74732707,106.69.47.105
74881200,130.95.40.98
74881200,130.95.40.98
73420968,124.189.168.247
74514630,114.198.5.172
74514630,114.198.5.172
74563636,58.168.0.181
74563636,58.168.0.181
72799980,58.169.86.66
72799980,58.169.86.66
72799980,58.169.86.66
75129694,120.149.77.8
75129694,120.149.77.8
74785063,130.95.254.18
74785063,130.95.254.18
74730373,116.240.249.34
74563636,130.95.254.167
75172237,45.133.6.31
74644523,58.169.78.146
74204712,80.249.10.198
72165226,110.22.196.18
74320067,130.95.254.33
74320067,130.95.254.33
74320067,130.95.254.33
75215660,130.95.254.193
73440703,110.174.86.23
73440703,110.174.86.23
73675098,49.196.33.187
73675098,49.196.33.187
75247293,49.196.231.9
75247293,49.196.231.9
75247293,49.196.231.9
74599354,130.95.254.114
74599354,130.95.254.114
73385446,218.215.81.153
73385446,218.215.81.153
73289977,130.95.254.168
73289977,130.95.254.168
75133295,130.95.40.100
75133295,130.95.40.100
75236212,130.95.40.111
66904391,49.196.201.63
73068726,134.115.208.74
73068726,134.115.208.74
75277402,124.189.183.162
74686335,101.185.203.203
74686335,101.185.203.203
75028425,1.146.166.159
71727249,125.63.29.11
73416576,124.188.197.58
73416576,124.188.197.58
74907476,220.235.86.4
74565012,106.68.158.220
73289977,101.189.11.246
73589112,49.196.34.254
74574206,106.68.6.219
75177057,114.198.7.65
74878773,120.16.205.226
75345908,115.69.43.223
75345908,110.175.110.215
75345908,110.175.110.215
75280724,125.63.29.116
75280724,125.63.29.116
75280724,125.63.29.116
75267901,14.200.91.137
72624250,115.69.41.89
74904747,58.160.82.139
74864907,130.95.40.100
74230558,125.63.25.108
75270190,220.239.30.194
75270190,220.239.30.194
74747615,172.198.95.240
74747615,172.198.95.240
74747615,172.198.95.240
74691918,130.95.40.101
74691918,130.95.40.101
75363608,130.95.254.225
74954987,130.95.254.172
73487467,120.16.104.7
74767049,147.69.89.137
74342803,125.63.25.215
74342803,125.63.25.215
73423788,130.95.254.46
74668651,130.95.238.145
74668651,130.95.238.145
74950814,130.95.40.101
74384085,125.63.29.206
74954987,130.95.254.174
74954987,130.95.254.174
74384085,125.63.29.206
75281886,122.148.245.21
74695752,203.220.202.151
74695752,203.220.202.151
75371659,130.95.254.154
74487378,125.63.29.133
72796259,60.225.64.125
72796259,60.225.64.125
74487322,101.189.44.161
74614379,60.225.6.210
71448389,101.179.136.44
74524104,120.16.82.174
74524104,120.16.82.174
74957995,103.204.117.229
73007870,58.7.173.194
74306740,130.95.254.200
74306740,130.95.254.200
74639675,147.69.89.88
74639675,147.69.89.88
74244367,106.68.226.198
74883574,49.192.225.179
73542879,130.95.254.122
73542879,130.95.254.122
73542879,130.95.254.122
73542879,130.95.254.122
74945630,49.192.74.182
73460473,124.188.229.249
75128855,101.118.168.189
74244367,194.223.91.68
74469414,101.118.172.19
74991329,149.167.162.212
73444082,125.63.25.56
74880214,106.68.239.118
73527986,130.95.254.129
73527986,130.95.254.129
74244367,194.223.91.68
74973793,130.95.254.208
75161524,101.118.143.164
74907196,106.68.240.229
74875190,118.102.69.185
74875190,118.102.69.185
74907196,106.68.240.229
74875190,118.102.69.185
75364588,125.63.25.57
75364588,125.63.25.57
75252477,203.206.250.171
75252477,203.206.250.171
74449623,130.95.254.144
74449623,130.95.254.144
74449623,130.95.254.144
74449623,130.95.254.144
75120500,60.242.2.219
75120500,60.242.2.219
73403004,130.95.254.42
73403004,130.95.254.42
73403004,130.95.254.42
74114660,130.95.254.161
74444546,124.187.150.62
72420721,118.209.192.166
72420721,118.209.192.166
74686335,101.185.203.203
74601838,124.189.164.45
74693884,130.95.254.136
73383361,194.223.95.251
73383361,194.223.95.251
75312665,106.68.49.236
75312665,106.68.49.236
75312665,106.68.49.236
74488383,110.146.148.28
74948302,122.151.113.137
74948302,122.151.113.137
75447226,1.146.133.62
74469414,101.118.172.19
74217674,180.150.80.213
74217674,180.150.80.213
74823274,110.174.36.172
74675050,220.245.253.51
74901186,49.194.59.77
74901186,49.194.59.77
74181583,49.196.72.241
74181583,49.196.72.241
74774176,49.196.84.118
74575625,130.95.254.186
74575625,130.95.254.186
72499991,130.95.40.100
74555931,130.95.254.121
74555931,130.95.254.121
74771413,130.95.254.2
74985655,125.63.25.42
75123552,130.95.254.144
75465573,130.95.254.147
74556534,58.7.184.243
74556534,58.7.184.243
74757271,130.95.254.141
75262833,125.63.29.78
75359074,130.95.40.100
75359074,130.95.40.100
75359074,130.95.40.100
75359074,130.95.40.100
74786225,203.220.202.57
74667049,123.243.174.102
74667049,123.243.174.102
74761105,130.95.254.105
74761105,130.95.254.105
74761105,130.95.254.105
74761105,130.95.254.105
74760313,58.171.55.222
74760313,58.171.55.222
73562802,130.95.254.3
75455933,130.95.254.213
73256203,130.95.254.26
75279318,130.95.254.115
74766992,130.95.254.47
74766992,130.95.254.47
74766992,130.95.254.47
74766992,130.95.254.47
74766992,130.95.254.47
74766992,130.95.254.47
73697260,125.63.29.49
74600657,49.196.169.138
74600657,49.196.169.138
74509421,49.192.22.225
75361991,101.189.31.34
75361991,101.189.31.34
70621853,101.185.203.81
74556534,49.196.200.189
74670516,130.95.254.43
74670516,130.95.254.43
74670516,130.95.254.43
74670516,130.95.254.43
74766769,130.95.254.75
74899387,60.225.2.241
74740905,130.95.254.101
74791921,130.95.254.8
74791921,130.95.254.8
75277402,124.189.183.162
74831573,49.194.78.165
75247293,49.183.67.88
74657243,130.95.254.80
74349316,180.150.81.235
74349316,180.150.81.235
72494744,159.196.133.234
72494744,159.196.133.234
75279914,203.217.65.182
75279914,203.217.65.182
74744664,27.33.59.209
74944971,110.146.146.208
74674629,134.7.244.28
74674629,134.7.244.28
74674629,134.7.244.28
75184929,49.192.209.162
75184929,49.192.209.162
74849967,101.185.154.155
75124509,58.175.90.20
75124509,58.175.90.20
75124509,58.175.90.20
74598004,125.63.25.232
74304674,1.126.104.231
74352016,101.189.34.186
74231993,49.192.120.40
74858058,130.95.238.146
74858058,130.95.238.146
74488132,1.159.146.183
74603364,120.149.3.137
74603364,120.149.3.137
75200859,130.95.40.72
75108979,130.95.254.199
75108979,130.95.254.199
74695017,58.169.12.83
74695017,58.169.12.83
73491876,125.63.25.233
73491876,125.63.25.233
74684410,130.95.254.194
69888038,120.149.54.173
74681647,106.69.43.100
74681647,106.69.43.100
74417394,120.16.58.27
70715836,122.148.254.38
74767077,49.194.218.154
73738674,130.95.254.216
75400908,130.95.254.120
73738674,130.95.254.216
75355444,130.95.254.198
73068670,130.95.254.19
73068670,130.95.254.19
74925383,121.200.42.221
74845351,49.196.224.101
74768091,130.95.254.137
74763950,130.95.254.198
74763950,130.95.254.198
74639693,130.95.254.238
74639693,130.95.254.238
74639693,130.95.254.238
74510687,218.214.106.227
74306285,125.63.29.226
75242102,101.175.156.107
74217674,125.63.25.72
74217674,125.63.25.72
74632848,124.187.149.12
74632848,124.187.149.12
75059857,220.235.84.102
75059857,220.235.84.102
74721738,125.63.25.45
74721738,125.63.25.45
74740170,203.59.178.191
74740170,203.59.178.191
75360474,49.196.182.14
74858897,125.63.29.212
74858897,125.63.29.212
75360474,49.196.182.14
75372227,58.169.51.190
75383114,203.219.234.206
74703417,130.95.40.101
75361655,49.185.75.195
74849715,106.68.210.72
74849715,106.68.210.72
72173041,130.95.254.212
75390920,60.225.12.13
74823638,139.218.125.54
73081939,125.63.29.60
73081939,125.63.29.60
73374814,130.95.254.102
73374814,130.95.254.102
74599074,130.95.254.57
74762502,130.95.254.28
74599074,130.95.254.57
66904391,185.255.130.80
74985655,125.63.29.197
74651855,130.95.254.161
74651855,130.95.254.161
74651855,130.95.254.161
74651855,130.95.254.161
74651855,130.95.254.161
73352425,130.95.254.234
73352425,130.95.254.234
74854108,220.240.140.46
74854108,220.240.140.46
72126770,61.69.143.199
72126770,61.69.143.199
74506966,130.95.254.147
72153357,149.167.161.119
75447226,130.95.188.149
72425551,180.150.82.15
75060284,27.96.195.160
75060284,27.96.195.160
74499810,220.244.185.68
74523404,130.95.254.85
74523404,130.95.254.85
74499810,220.244.185.68
74491482,130.95.254.99
75161747,14.202.196.224
74639675,60.228.181.108
74639675,60.228.181.108
75278128,211.26.35.239
75278128,211.26.35.239
75278128,211.26.35.239
74363430,125.63.29.55
73533402,130.95.254.158
74363430,125.63.29.55
74902747,49.192.105.165
74902747,49.192.105.165
66406252,220.240.140.124
75128547,14.202.241.146
75128547,14.202.241.146
74848246,120.16.119.45
74338030,130.95.254.212
74604127,49.194.226.122
74679235,58.160.90.64
74679235,58.160.90.64
74692932,1.146.181.77
74566874,130.95.254.43
74740710,130.95.40.98
74396456,130.95.254.117
74740710,130.95.40.98
74943397,60.225.14.87
74943397,60.225.14.87
73609265,130.95.254.102
73609265,130.95.254.102
75086048,130.95.254.19
74636123,203.59.41.11
72508243,130.95.254.71
74944217,115.64.205.135
74944217,115.64.205.135
73364913,130.95.254.36
73333736,130.95.254.216
73364913,130.95.254.36
71294334,130.95.40.98
75200133,130.95.254.149
71294334,130.95.40.98
72939515,61.68.196.108
74782670,115.70.254.194
74231908,125.63.29.158
73067734,1.146.169.81
74666854,101.118.226.167
74229889,130.95.254.146
73609265,101.187.152.73
74231434,120.16.229.50
73147635,110.146.164.176
75269986,159.196.133.232
74484383,106.69.9.104
74766713,130.95.254.237
74964888,49.194.116.55
73548462,220.244.209.124
74570708,180.150.83.31
74570708,180.150.83.31
72475455,49.194.40.230
75314646,121.44.72.139
75328261,147.69.122.24
74346301,1.127.107.214
75269986,159.196.133.232
74802207,1.159.223.159
74812017,106.69.178.151
72475455,49.194.40.230
74419897,125.63.25.161
75281004,1.159.173.73
75281004,1.159.173.73
74894002,130.95.254.172
74732707,106.69.44.123
74552888,101.189.4.187
74552888,101.189.4.187
74485563,110.141.231.204
74669307,86.48.13.112
74607976,124.170.42.21
74607976,124.170.42.21
74611754,139.218.126.60
74208826,110.174.59.166
74396456,101.185.172.232
74021088,180.150.80.26
74991405,130.95.254.72
73596557,60.225.68.48
73596557,60.225.68.48
74599297,101.118.194.108
74510297,49.192.130.21
74883684,49.194.190.26
74883684,49.194.190.26
74598004,125.63.25.191
74991405,130.95.254.14
74846582,125.63.29.207
72834825,58.84.158.12
74668315,61.68.124.160
74668315,61.68.124.160
74654367,130.95.254.173
74415403,125.63.29.47
74415403,125.63.29.47
74345334,125.63.25.165
74345334,125.63.25.165
74682501,130.95.254.103
74835071,130.95.254.183
74835071,130.95.254.183
74835071,130.95.254.183
75278508,147.69.9.39
75278508,147.69.9.39
74191597,1.146.240.111
74477101,125.63.29.70
74774940,58.169.33.195
74774940,58.169.33.195
74637473,60.240.225.117
75120361,121.44.223.37
75120361,121.44.223.37
74366928,130.95.254.162
74366928,130.95.254.162
74564874,130.95.254.153
74283203,124.170.59.22
74283203,124.170.59.22
74678667,159.196.132.237
74678667,159.196.132.237
73023900,60.225.76.111
73023900,60.225.76.111
74747615,172.198.95.240
74744868,130.95.254.228
74744868,130.95.254.228
74239927,101.189.101.208
74577330,120.16.0.159
74577330,120.16.0.159
74606343,110.22.108.140
74606343,110.22.108.140
74888105,101.118.162.121
74145473,115.64.157.77
74145473,115.64.157.77
74816017,106.69.58.102
74816017,106.69.58.102
72714245,52.63.10.107
72714245,52.63.10.107
73477714,130.95.254.214
73477714,130.95.254.214
73477714,130.95.254.214
73477714,130.95.254.214
73477714,130.95.254.214
72641570,130.95.254.239
74797491,110.22.116.58
74797491,110.22.116.58
74797491,110.22.116.58
74797491,110.22.116.58
75128177,147.69.1.196
75128177,147.69.1.196
74743222,130.95.254.128
73382682,125.63.25.9
73382682,125.63.25.9
73382682,125.63.25.9
74409513,130.95.254.64
74409513,130.95.254.64
75151155,101.189.19.108
75151155,101.189.19.108
74657604,1.159.188.119
75345908,130.95.254.41
72915202,163.47.57.142
75345908,130.95.254.41
75362214,130.95.254.214
75362214,130.95.254.214
75362214,130.95.254.214
74905761,130.95.254.188
75181299,120.16.46.157
74878773,49.194.74.142
74878773,49.194.74.142
74878773,49.194.74.142
75363153,103.106.88.49
74622075,1.159.183.204
75173503,101.175.166.171
74687230,130.95.254.144
69953790,180.150.80.48
69953790,180.150.80.48
74603539,103.210.27.56
75247293,49.196.68.92
75247293,49.196.68.92
75446127,106.68.233.8
74680809,130.95.254.210
74680809,130.95.254.210
74677339,1.159.227.64
74677339,1.159.227.64
75106323,130.95.254.60
75106323,130.95.254.60
73010718,203.217.65.170
73617900,130.95.40.72
75203760,130.95.254.190
75203760,130.95.254.190
75160908,120.16.33.167
73567239,1.159.188.235
72502892,130.95.254.145
75332051,130.95.40.72
75332051,130.95.40.72
73440983,58.169.83.79
73440983,58.169.83.79
74730038,130.95.254.243
74730038,130.95.254.243
73011202,159.196.82.132
72134579,103.94.51.1
72134579,103.94.51.1
74897695,130.95.254.235
74897695,130.95.254.235
73662783,147.69.80.86
75455933,130.95.254.73
74954896,130.95.254.159
73280695,58.175.69.130
73280695,58.175.69.130
74680269,130.95.254.228
75221950,49.192.161.202
75221950,49.192.161.202
74723748,180.150.81.191
74170650,1.159.201.117
75083228,130.95.40.101
74485174,130.95.40.101
74587573,130.95.254.131
74587573,130.95.254.131
74667049,123.243.174.102
73474562,180.150.80.202
74561347,130.95.254.107
74561347,130.95.254.107
74561347,130.95.254.107
74561347,130.95.254.107
74503559,130.95.254.85
74502705,130.95.254.69
74502705,130.95.254.69
75103167,49.194.105.245
74947567,130.95.40.98
75103167,49.194.105.245
74561011,130.95.40.99
74561011,130.95.40.99
74561011,130.95.40.99
74649035,130.95.254.238
74649035,130.95.254.238
74698069,101.189.18.12
74698069,101.189.18.12
71859170,60.240.21.196
71859170,60.240.21.196
75332406,203.206.118.5
73291958,130.95.254.238
73412588,110.22.85.218
73765467,203.219.212.39
73412588,110.22.85.218
73765467,203.219.212.39
75278099,1.126.111.216
75278099,1.126.111.216
73547495,203.213.61.72
73547495,203.213.61.72
74232391,220.244.160.201
74232272,27.96.192.163
74232272,27.96.192.163
74486207,13.210.242.103
74486207,13.210.242.103
74486207,13.210.242.103
74231377,125.63.29.74
74231377,125.63.29.74
74493771,220.235.115.109
74493771,220.235.115.109
74821292,165.225.226.167
74821292,165.225.226.167
74670264,130.95.254.88
74670264,130.95.254.88
74734895,106.68.55.45
74734895,106.68.55.45
74734895,106.68.55.45
74773030,106.69.228.165
75115381,124.189.135.71
75115381,124.189.135.71
74530531,110.142.189.71
74530531,110.142.189.71
74578121,130.95.254.239
74578121,130.95.254.239
74552182,125.63.25.107
74952029,49.255.51.131
74704403,125.63.25.64
74704403,125.63.25.64
71029120,14.203.176.248
74678975,125.63.29.227
75129694,130.95.254.128
71542526,130.95.254.118
71542526,130.95.254.118
74207039,130.95.254.142
72120876,130.95.254.148
75152989,130.95.254.111
74511274,13.55.238.214
75199223,1.146.182.150
74737099,125.63.25.165
74737099,125.63.25.165
74737099,125.63.25.165
74379387,101.118.233.216
74450552,130.95.254.58
74450552,130.95.254.58
74546542,130.95.254.110
74546542,130.95.254.110
74985320,149.167.161.24
74985320,149.167.161.24
74985320,149.167.161.24
71029120,14.203.176.248
73332106,125.63.29.85
73332106,125.63.29.85
75277682,49.192.145.36
75277682,49.192.145.36
74663551,159.196.134.93
