id,ip,country,city,longitude,latitude,flag
73152231,1.159.239.145,CN,Perth,-31.9558933,115.8605855,international
73113211,130.95.254.67,AU,Claremont,-31.980291,115.7839988,domestic
75271364,58.178.219.34,AU,Dunsborough,-33.614656,115.1065921,domestic
73152231,1.159.239.145,AU,Perth,-31.9558933,115.8605855,domestic
75114917,180.150.81.170,AU,Leinster,-27.9141349,120.6977266,domestic
75056422,60.241.66.23,AU,Perth,-31.9558933,115.8605855,domestic
71278970,218.215.214.239,AU,Perth,-31.9558933,115.8605855,domestic
74597297,106.68.231.231,AU,Melbourne,-37.8142454,144.9631732,domestic
74597297,106.68.231.231,AU,Melbourne,-37.8142454,144.9631732,domestic
73340333,106.68.214.213,AU,Melbourne,-37.8142454,144.9631732,domestic
74691723,120.16.189.64,AU,Perth,-31.9558933,115.8605855,domestic
73585410,220.245.38.144,AU,Perth,-31.9558933,115.8605855,domestic
72523352,125.63.25.175,AU,Perth,-31.9558933,115.8605855,domestic
72523352,125.63.25.175,AU,Perth,-31.9558933,115.8605855,domestic
74557736,121.200.42.73,AU,Bennett Springs,-31.8580515,115.9422606,domestic
73534778,61.245.136.51,AU,Leinster,-27.9141349,120.6977266,domestic
73534778,61.245.136.51,AU,Leinster,-27.9141349,120.6977266,domestic
73534778,61.245.136.51,AU,Leinster,-27.9141349,120.6977266,domestic
74657353,120.16.156.149,AU,Perth,-31.9558933,115.8605855,domestic
74611559,130.95.254.171,AU,Claremont,-31.980291,115.7839988,domestic
66952323,58.7.209.53,AU,Bedfordale,-32.179239,116.0652304,domestic
74703360,58.169.79.193,AU,Perth,-31.9558933,115.8605855,domestic
74419897,125.63.25.45,AU,Perth,-31.9558933,115.8605855,domestic
75128177,147.69.121.39,AU,Perth,-31.9558933,115.8605855,domestic
72814311,101.175.176.55,AU,Perth,-31.9558933,115.8605855,domestic
72814311,101.175.176.55,AU,Perth,-31.9558933,115.8605855,domestic
74697149,203.217.78.141,AU,Perth,-31.9558933,115.8605855,domestic
73276450,1.159.163.63,AU,Perth,-31.9558933,115.8605855,domestic
71965129,124.189.135.222,AU,Perth,-31.9558933,115.8605855,domestic
74845062,106.68.9.8,AU,Melbourne,-37.8142454,144.9631732,domestic
72848446,60.241.82.99,AU,Perth,-31.9558933,115.8605855,domestic
73509516,157.211.97.15,AU,Sydney,-33.8698439,151.2082848,domestic
74419897,125.63.29.201,AU,Perth,-31.9558933,115.8605855,domestic
72619242,1.146.188.208,AU,Perth,-31.9558933,115.8605855,domestic
73447046,120.16.210.169,AU,East Fremantle,-32.035363000000004,115.76878040412583,domestic
73417050,114.198.114.109,AU,Perth,-31.9558933,115.8605855,domestic
73417050,114.198.114.109,AU,Perth,-31.9558933,115.8605855,domestic
74887119,49.194.69.148,AU,Perth,-31.9558933,115.8605855,domestic
75078128,101.175.176.254,AU,Perth,-31.9558933,115.8605855,domestic
75078128,101.175.176.254,AU,Perth,-31.9558933,115.8605855,domestic
74889041,49.192.42.146,AU,Perth,-31.9558933,115.8605855,domestic
73115889,49.196.203.82,AU,Perth,-31.9558933,115.8605855,domestic
74373666,125.63.29.87,AU,Perth,-31.9558933,115.8605855,domestic
74968574,106.69.187.234,AU,Perth,-31.9558933,115.8605855,domestic
73075267,125.63.29.68,AU,Perth,-31.9558933,115.8605855,domestic
73539017,194.223.92.25,AU,Sydney,-33.8698439,151.2082848,domestic
74510687,218.214.106.227,AU,Perth,-31.9558933,115.8605855,domestic
75221950,1.146.141.30,AU,Perth,-31.9558933,115.8605855,domestic
75221950,1.146.141.30,AU,Perth,-31.9558933,115.8605855,domestic
74622138,159.196.132.150,AU,Leinster,-27.9141349,120.6977266,domestic
74588838,120.16.81.222,AU,Bennett Springs,-31.8580515,115.9422606,domestic
74796960,106.69.8.104,AU,Perth,-31.9558933,115.8605855,domestic
73501572,58.169.31.89,AU,Perth,-31.9558933,115.8605855,domestic
74687377,125.63.25.253,AU,Perth,-31.9558933,115.8605855,domestic
74750294,203.132.91.88,AU,Perth,-31.9558933,115.8605855,domestic
75239088,220.233.44.11,AU,Esperance,-33.858228,121.8931606,domestic
75239088,220.233.44.11,AU,Esperance,-33.858228,121.8931606,domestic
74588084,110.146.164.143,AU,Perth,-31.9558933,115.8605855,domestic
75080584,58.175.89.130,AU,Perth,-31.9558933,115.8605855,domestic
70718125,101.185.225.58,AU,Perth,-31.9558933,115.8605855,domestic
74805671,106.68.183.231,AU,Perth,-31.9558933,115.8605855,domestic
75215660,130.95.254.218,AU,Claremont,-31.980291,115.7839988,domestic
72642437,49.255.165.82,AU,Perth,-31.9558933,115.8605855,domestic
73735797,80.249.1.179,AU,Saint Marys,-32.6367036,147.5642431,domestic
74499605,130.95.40.103,AU,Crawley,-31.9746305,115.8175988,domestic
74948553,124.188.223.215,AU,Donnybrook,-33.5773757,115.8251293,domestic
69023508,110.142.189.235,AU,Perth,-31.9558933,115.8605855,domestic
73532071,58.169.63.183,AU,Perth,-31.9558933,115.8605855,domestic
73532071,58.169.63.183,AU,Perth,-31.9558933,115.8605855,domestic
74324557,130.95.254.244,AU,Claremont,-31.980291,115.7839988,domestic
74573191,115.70.28.206,AU,Margaret River,-33.9531776,115.0769369,domestic
74708208,125.63.29.203,AU,Perth,-31.9558933,115.8605855,domestic
74487994,130.95.40.98,AU,Crawley,-31.9746305,115.8175988,domestic
75265872,147.69.131.143,AU,Perth,-31.9558933,115.8605855,domestic
75151909,120.149.2.18,AU,Darlington,-31.9168074,116.0760614,domestic
75151909,120.149.2.18,AU,Darlington,-31.9168074,116.0760614,domestic
75136206,130.95.254.234,AU,Claremont,-31.980291,115.7839988,domestic
74795723,130.95.254.166,AU,Claremont,-31.980291,115.7839988,domestic
74795723,130.95.254.166,AU,Claremont,-31.980291,115.7839988,domestic
74795723,130.95.254.166,AU,Claremont,-31.980291,115.7839988,domestic
74725378,101.118.143.34,AU,North Sydney,-33.8354519,151.2083011,domestic
74989348,101.175.174.141,AU,Perth,-31.9558933,115.8605855,domestic
74755431,14.201.146.80,AU,Melbourne,-37.8142454,144.9631732,domestic
74755431,14.201.146.80,AU,Melbourne,-37.8142454,144.9631732,domestic
72142087,134.7.244.195,AU,Bentley,-32.0084461,115.9065455,domestic
72142087,134.7.244.195,AU,Bentley,-32.0084461,115.9065455,domestic
72892770,130.95.254.66,AU,Claremont,-31.980291,115.7839988,domestic
75118311,116.206.185.138,AU,Saint Marys,-32.6367036,147.5642431,domestic
74597297,60.241.63.163,AU,Melbourne,-37.8142454,144.9631732,domestic
74889097,1.159.138.249,AU,Perth,-31.9558933,115.8605855,domestic
74889097,1.159.138.249,AU,Perth,-31.9558933,115.8605855,domestic
74170901,49.194.144.93,AU,Perth,-31.9558933,115.8605855,domestic
74244367,110.175.64.85,AU,Perth,-31.9558933,115.8605855,domestic
74244367,110.175.64.85,AU,Perth,-31.9558933,115.8605855,domestic
74339211,101.118.205.4,AU,North Sydney,-33.8354519,151.2083011,domestic
73371743,14.200.220.86,AU,Melbourne,-37.8142454,144.9631732,domestic
74867252,130.95.40.98,AU,Crawley,-31.9746305,115.8175988,domestic
74917031,130.95.40.98,AU,Crawley,-31.9746305,115.8175988,domestic
73451530,130.95.254.117,AU,Claremont,-31.980291,115.7839988,domestic
72768153,120.16.175.38,AU,Kalamunda,-32.0038075,116.10220686666428,domestic
72768153,120.16.175.38,AU,Kalamunda,-32.0038075,116.10220686666428,domestic
74541678,58.175.70.73,AU,Perth,-31.9558933,115.8605855,domestic
75017454,194.223.95.196,AU,Sydney,-33.8698439,151.2082848,domestic
75017454,194.223.95.196,AU,Sydney,-33.8698439,151.2082848,domestic
74283426,123.208.216.50,AU,Perth,-31.9558933,115.8605855,domestic
74283426,123.208.216.50,AU,Perth,-31.9558933,115.8605855,domestic
75365266,203.219.72.135,AU,Melbourne,-37.8142454,144.9631732,domestic
75365266,203.219.72.135,AU,Melbourne,-37.8142454,144.9631732,domestic
74687406,130.95.254.33,AU,Claremont,-31.980291,115.7839988,domestic
72520338,49.192.129.208,AU,Perth,-31.9558933,115.8605855,domestic
72520338,49.192.129.208,AU,Perth,-31.9558933,115.8605855,domestic
74679710,103.94.51.1,AU,Leinster,-27.9141349,120.6977266,domestic
73289920,203.59.181.82,AU,Bunbury,-33.3267797,115.636698,domestic
73289920,203.59.181.82,AU,Bunbury,-33.3267797,115.636698,domestic
72627468,130.95.40.100,AU,Crawley,-31.9746305,115.8175988,domestic
72627468,130.95.40.100,AU,Crawley,-31.9746305,115.8175988,domestic
74637166,130.95.254.50,AU,Claremont,-31.980291,115.7839988,domestic
74637166,130.95.254.50,AU,Claremont,-31.980291,115.7839988,domestic
73202205,202.171.182.204,AU,Maylands,-31.9345383,115.8985445,domestic
72524257,106.68.241.41,AU,Perth,-31.9558933,115.8605855,domestic
72524257,106.68.241.41,AU,Perth,-31.9558933,115.8605855,domestic
72524257,106.68.241.41,AU,Perth,-31.9558933,115.8605855,domestic
74493668,123.208.238.23,AU,Perth,-31.9558933,115.8605855,domestic
74317712,58.173.51.206,AU,Perth,-31.9558933,115.8605855,domestic
74691918,121.200.36.195,AU,Perth,-31.9558933,115.8605855,domestic
75380237,130.95.254.199,AU,Claremont,-31.980291,115.7839988,domestic
75380237,130.95.254.199,AU,Claremont,-31.980291,115.7839988,domestic
74563636,60.242.90.190,AU,Melbourne,-37.8142454,144.9631732,domestic
74563636,60.242.90.190,AU,Melbourne,-37.8142454,144.9631732,domestic
74563636,60.242.90.190,AU,Melbourne,-37.8142454,144.9631732,domestic
73492890,66.115.147.73,CA,Vancouver (Central Vancouver),49.2589519,-123.0408125,international
72643674,130.95.254.124,AU,Claremont,-31.980291,115.7839988,domestic
75084223,149.167.162.98,AU,Trigg,-31.875679,115.755874,domestic
74253533,106.69.56.155,AU, Cockburn,-32.057553,115.54271118760474,domestic
74253533,106.69.56.155,AU, Cockburn,-32.057553,115.54271118760474,domestic
74537009,130.95.254.128,AU,Claremont,-31.980291,115.7839988,domestic
75274099,101.185.135.52,AU,Perth,-31.9558933,115.8605855,domestic
75274099,101.185.135.52,AU,Perth,-31.9558933,115.8605855,domestic
75274099,101.185.135.52,AU,Perth,-31.9558933,115.8605855,domestic
72113607,49.255.81.154,AU,Perth,-31.9558933,115.8605855,domestic
72113607,49.255.81.154,AU,Perth,-31.9558933,115.8605855,domestic
72851859,123.208.145.59,AU,Perth,-31.9558933,115.8605855,domestic
75061094,130.95.40.102,AU,Crawley,-31.9746305,115.8175988,domestic
74674629,130.95.254.135,AU,Claremont,-31.980291,115.7839988,domestic
75395177,130.95.254.80,AU,Claremont,-31.980291,115.7839988,domestic
74674629,130.95.254.135,AU,Claremont,-31.980291,115.7839988,domestic
75395177,130.95.254.80,AU,Claremont,-31.980291,115.7839988,domestic
74701639,130.95.40.100,AU,Crawley,-31.9746305,115.8175988,domestic
74494450,130.95.254.202,AU,Claremont,-31.980291,115.7839988,domestic
74498506,61.68.199.111,AU,Sydney,-33.8698439,151.2082848,domestic
74498506,61.68.199.111,AU,Sydney,-33.8698439,151.2082848,domestic
74498506,61.68.199.111,AU,Sydney,-33.8698439,151.2082848,domestic
74790897,101.189.3.222,AU,Perth,-31.9558933,115.8605855,domestic
65500981,203.217.76.2,AU,Perth,-31.9558933,115.8605855,domestic
74923066,139.216.226.10,AU,Perth,-31.9558933,115.8605855,domestic
74923066,139.216.226.10,AU,Perth,-31.9558933,115.8605855,domestic
74660424,194.223.186.89,AU,Perth,-31.9558933,115.8605855,domestic
74660424,194.223.186.89,AU,Perth,-31.9558933,115.8605855,domestic
73771273,106.69.180.153,AU,Perth,-31.9558933,115.8605855,domestic
74641703,101.185.161.161,AU,Perth,-31.9558933,115.8605855,domestic
74574849,49.255.1.192,AU,Claremont,-31.980291,115.7839988,domestic
74574849,49.255.1.192,AU,Claremont,-31.980291,115.7839988,domestic
74576008,1.159.239.137,AU,Perth,-31.9558933,115.8605855,domestic
73214338,118.209.199.114,AU,Bentley,-32.0084461,115.9065455,domestic
73214338,118.209.199.114,AU,Bentley,-32.0084461,115.9065455,domestic
75091546,157.211.98.103,AU,Sydney,-33.8698439,151.2082848,domestic
73351355,106.68.189.25,AU,Perth,-31.9558933,115.8605855,domestic
73488861,49.194.158.186,AU,Perth,-31.9558933,115.8605855,domestic
74440460,106.69.174.52,AU,Perth,-31.9558933,115.8605855,domestic
74673904,130.95.254.176,AU,Claremont,-31.980291,115.7839988,domestic
74673904,130.95.254.176,AU,Claremont,-31.980291,115.7839988,domestic
74750378,103.94.51.1,AU,Leinster,-27.9141349,120.6977266,domestic
74485984,110.22.150.141,AU,Perth,-31.9558933,115.8605855,domestic
71315881,1.146.147.195,AU,Perth,-31.9558933,115.8605855,domestic
74395825,130.95.254.137,AU,Claremont,-31.980291,115.7839988,domestic
75239339,124.171.246.218,AU,Melbourne,-37.8142454,144.9631732,domestic
74390930,58.160.92.106,AU,Perth,-31.9558933,115.8605855,domestic
74390930,58.160.92.106,AU,Perth,-31.9558933,115.8605855,domestic
74858058,130.95.108.251,AU,Crawley,-31.9746305,115.8175988,domestic
74858058,130.95.108.251,AU,Crawley,-31.9746305,115.8175988,domestic
74858058,130.95.108.251,AU,Crawley,-31.9746305,115.8175988,domestic
74858058,130.95.108.251,AU,Crawley,-31.9746305,115.8175988,domestic
72157015,118.102.70.220,AU,Claremont,-31.980291,115.7839988,domestic
74858058,130.95.154.173,AU,Crawley,-31.9746305,115.8175988,domestic
74858058,130.95.108.251,AU,Crawley,-31.9746305,115.8175988,domestic
73225472,202.94.72.254,AU,Perth,-31.9558933,115.8605855,domestic
73225472,202.94.72.254,AU,Perth,-31.9558933,115.8605855,domestic
73225472,202.94.72.254,AU,Perth,-31.9558933,115.8605855,domestic
74711398,106.68.240.177,AU,Perth,-31.9558933,115.8605855,domestic
75268544,159.196.132.133,AU,Leinster,-27.9141349,120.6977266,domestic
74375227,130.95.254.180,AU,Claremont,-31.980291,115.7839988,domestic
74375227,130.95.254.180,AU,Claremont,-31.980291,115.7839988,domestic
75118311,120.16.190.125,AU,Perth,-31.9558933,115.8605855,domestic
71004029,134.7.244.182,AU,Bentley,-32.0084461,115.9065455,domestic
71004029,134.7.244.182,AU,Bentley,-32.0084461,115.9065455,domestic
74711398,106.68.240.177,AU,Perth,-31.9558933,115.8605855,domestic
74694738,130.95.254.160,AU,Claremont,-31.980291,115.7839988,domestic
74694738,130.95.254.160,AU,Claremont,-31.980291,115.7839988,domestic
74694738,130.95.254.160,AU,Claremont,-31.980291,115.7839988,domestic
74694738,130.95.254.160,AU,Claremont,-31.980291,115.7839988,domestic
75202545,130.105.160.59,PH,San Juan City,14.5679288,121.0625481,international
75361963,124.188.200.210,AU,Perth,-31.9558933,115.8605855,domestic
73395484,120.149.104.92,AU,Perth,-31.9558933,115.8605855,domestic
73395484,120.149.104.92,AU,Perth,-31.9558933,115.8605855,domestic
74552182,125.63.29.203,AU,Perth,-31.9558933,115.8605855,domestic
74528986,130.95.254.117,AU,Claremont,-31.980291,115.7839988,domestic
74642262,3.25.151.22,AU,Sydney,-33.8698439,151.2082848,domestic
74642262,3.25.151.22,AU,Sydney,-33.8698439,151.2082848,domestic
75166491,220.235.33.94,AU,Melbourne,-37.8142454,144.9631732,domestic
75166491,220.235.33.94,AU,Melbourne,-37.8142454,144.9631732,domestic
75389403,124.187.143.76,AU,Perth,-31.9558933,115.8605855,domestic
74703360,101.175.150.129,AU,Perth,-31.9558933,115.8605855,domestic
74703360,101.175.150.129,AU,Perth,-31.9558933,115.8605855,domestic
74703360,101.175.150.129,AU,Perth,-31.9558933,115.8605855,domestic
73277568,58.169.11.107,AU,Perth,-31.9558933,115.8605855,domestic
73277568,58.169.11.107,AU,Perth,-31.9558933,115.8605855,domestic
73433064,110.175.45.226,AU,Perth,-31.9558933,115.8605855,domestic
73433064,110.175.45.226,AU,Perth,-31.9558933,115.8605855,domestic
74768678,130.95.254.109,AU,Claremont,-31.980291,115.7839988,domestic
74685406,130.95.108.207,AU,Crawley,-31.9746305,115.8175988,domestic
74685406,130.95.108.207,AU,Crawley,-31.9746305,115.8175988,domestic
74575506,130.95.254.241,AU,Claremont,-31.980291,115.7839988,domestic
74284971,139.216.56.225,AU,Perth,-31.9558933,115.8605855,domestic
74511274,58.7.217.211,AU,Perth,-31.9558933,115.8605855,domestic
74511274,58.7.217.211,AU,Perth,-31.9558933,115.8605855,domestic
74768678,130.95.40.111,AU,Crawley,-31.9746305,115.8175988,domestic
71743681,147.69.23.39,AU,Perth,-31.9558933,115.8605855,domestic
74729730,120.149.32.55,AU,Perth,-31.9558933,115.8605855,domestic
73244585,49.192.120.40,AU,Perth,-31.9558933,115.8605855,domestic
73410261,14.202.241.241,AU,Melbourne,-37.8142454,144.9631732,domestic
73410261,14.202.241.241,AU,Melbourne,-37.8142454,144.9631732,domestic
74603539,203.123.103.4,AU,Perth,-31.9558933,115.8605855,domestic
74603539,203.123.103.4,AU,Perth,-31.9558933,115.8605855,domestic
75460270,130.95.254.132,AU,Claremont,-31.980291,115.7839988,domestic
75460270,130.95.254.132,AU,Claremont,-31.980291,115.7839988,domestic
75460270,130.95.254.132,AU,Claremont,-31.980291,115.7839988,domestic
74953323,130.95.254.166,AU,Claremont,-31.980291,115.7839988,domestic
75362270,130.95.254.92,AU,Claremont,-31.980291,115.7839988,domestic
75084223,130.95.40.98,AU,Crawley,-31.9746305,115.8175988,domestic
72288920,180.150.80.200,AU,Leinster,-27.9141349,120.6977266,domestic
73749560,125.63.25.142,AU,Perth,-31.9558933,115.8605855,domestic
74512944,58.160.87.17,AU,Perth,-31.9558933,115.8605855,domestic
73776485,125.63.25.204,AU,Perth,-31.9558933,115.8605855,domestic
75224286,101.189.82.10,AU,Perth,-31.9558933,115.8605855,domestic
75224286,101.189.82.10,AU,Perth,-31.9558933,115.8605855,domestic
74209608,49.194.24.141,AU,Perth,-31.9558933,115.8605855,domestic
72776414,115.70.210.235,AU,Malaga,-31.8606948,115.894192,domestic
72776414,115.70.210.235,AU,Malaga,-31.8606948,115.894192,domestic
74875366,125.63.29.21,AU,Perth,-31.9558933,115.8605855,domestic
73749560,125.63.25.57,AU,Perth,-31.9558933,115.8605855,domestic
75360446,159.196.132.88,AU,Leinster,-27.9141349,120.6977266,domestic
75360446,159.196.132.88,AU,Leinster,-27.9141349,120.6977266,domestic
75360446,159.196.132.88,AU,Leinster,-27.9141349,120.6977266,domestic
74170540,130.95.254.51,AU,Claremont,-31.980291,115.7839988,domestic
74761887,130.95.254.249,AU,Claremont,-31.980291,115.7839988,domestic
74892231,114.198.12.197,AU,Perth,-31.9558933,115.8605855,domestic
74495260,106.68.247.46,AU,Perth,-31.9558933,115.8605855,domestic
74495260,106.68.247.46,AU,Perth,-31.9558933,115.8605855,domestic
74495260,106.68.247.46,AU,Perth,-31.9558933,115.8605855,domestic
75251491,130.95.254.144,AU,Claremont,-31.980291,115.7839988,domestic
75251491,130.95.254.144,AU,Claremont,-31.980291,115.7839988,domestic
75251491,130.95.254.144,AU,Claremont,-31.980291,115.7839988,domestic
73438731,130.95.254.68,AU,Claremont,-31.980291,115.7839988,domestic
73438731,130.95.254.68,AU,Claremont,-31.980291,115.7839988,domestic
73343235,101.118.185.237,AU,North Sydney,-33.8354519,151.2083011,domestic
74676212,130.95.254.179,AU,Claremont,-31.980291,115.7839988,domestic
74969896,49.192.145.177,AU,Perth,-31.9558933,115.8605855,domestic
74204712,80.249.10.198,AU,Warragul,-38.1588674,145.933629,domestic
74204712,80.249.10.198,AU,Warragul,-38.1588674,145.933629,domestic
75434088,180.150.80.13,AU,Leinster,-27.9141349,120.6977266,domestic
75434088,180.150.80.13,AU,Leinster,-27.9141349,120.6977266,domestic
74510297,49.192.143.179,AU,Perth,-31.9558933,115.8605855,domestic
69170096,58.175.71.213,AU,Perth,-31.9558933,115.8605855,domestic
74488383,130.95.40.101,AU,Crawley,-31.9746305,115.8175988,domestic
74488383,130.95.254.153,AU,Claremont,-31.980291,115.7839988,domestic
74350609,149.167.161.138,AU,Perth,-31.9558933,115.8605855,domestic
74350609,149.167.161.138,AU,Perth,-31.9558933,115.8605855,domestic
74672230,115.64.75.173,AU,Millendon,-31.8074624,116.0377085,domestic
74240989,1.146.236.90,AU,Perth,-31.9558933,115.8605855,domestic
74240989,1.146.236.90,AU,Perth,-31.9558933,115.8605855,domestic
74240989,1.146.236.90,AU,Perth,-31.9558933,115.8605855,domestic
73244054,203.206.119.111,AU,Perth,-31.9558933,115.8605855,domestic
73244054,203.206.119.111,AU,Perth,-31.9558933,115.8605855,domestic
73244054,203.206.119.111,AU,Perth,-31.9558933,115.8605855,domestic
74651343,115.70.127.22,AU,Perth,-31.9558933,115.8605855,domestic
74736204,106.68.26.54,AU,Perth,-31.9558933,115.8605855,domestic
74949800,60.242.155.210,AU,Melbourne,-37.8142454,144.9631732,domestic
74662845,157.211.102.38,AU,Sydney,-33.8698439,151.2082848,domestic
74662845,157.211.102.38,AU,Sydney,-33.8698439,151.2082848,domestic
73502558,49.192.190.18,AU,Perth,-31.9558933,115.8605855,domestic
74304787,49.196.53.132,AU,Perth,-31.9558933,115.8605855,domestic
74304787,49.196.53.132,AU,Perth,-31.9558933,115.8605855,domestic
74968574,106.69.186.230,AU,Perth,-31.9558933,115.8605855,domestic
31918160,220.245.35.123,AU,Melbourne,-37.8142454,144.9631732,domestic
31918160,220.245.35.123,AU,Melbourne,-37.8142454,144.9631732,domestic
31918160,220.245.35.123,AU,Melbourne,-37.8142454,144.9631732,domestic
31918160,220.245.35.123,AU,Melbourne,-37.8142454,144.9631732,domestic
31918160,220.245.35.123,AU,Melbourne,-37.8142454,144.9631732,domestic
74622047,120.149.111.84,AU,Perth,-31.9558933,115.8605855,domestic
72245742,130.95.254.154,AU,Claremont,-31.980291,115.7839988,domestic
72245742,130.95.254.154,AU,Claremont,-31.980291,115.7839988,domestic
74564874,130.95.254.80,AU,Claremont,-31.980291,115.7839988,domestic
74564874,130.95.254.80,AU,Claremont,-31.980291,115.7839988,domestic
75121410,130.95.40.100,AU,Crawley,-31.9746305,115.8175988,domestic
74338030,130.95.254.248,AU,Claremont,-31.980291,115.7839988,domestic
74768091,130.95.254.178,AU,Claremont,-31.980291,115.7839988,domestic
74768091,130.95.254.178,AU,Claremont,-31.980291,115.7839988,domestic
70716320,130.95.254.88,AU,Claremont,-31.980291,115.7839988,domestic
75307182,125.63.25.27,AU,Perth,-31.9558933,115.8605855,domestic
75307182,125.63.25.27,AU,Perth,-31.9558933,115.8605855,domestic
75105735,121.200.42.170,AU,Perth,-31.9558933,115.8605855,domestic
75105735,121.200.42.170,AU,Perth,-31.9558933,115.8605855,domestic
74237519,125.63.29.113,AU,Perth,-31.9558933,115.8605855,domestic
74237519,125.63.29.113,AU,Perth,-31.9558933,115.8605855,domestic
74684985,194.223.71.132,AU,Sydney,-33.8698439,151.2082848,domestic
74684985,194.223.71.132,AU,Sydney,-33.8698439,151.2082848,domestic
75115576,130.95.254.193,AU,Claremont,-31.980291,115.7839988,domestic
74575393,130.95.254.154,AU,Claremont,-31.980291,115.7839988,domestic
74575393,130.95.254.154,AU,Claremont,-31.980291,115.7839988,domestic
75115576,130.95.254.193,AU,Claremont,-31.980291,115.7839988,domestic
74743222,110.22.8.88,AU,Perth,-31.9558933,115.8605855,domestic
74743222,110.22.8.88,AU,Perth,-31.9558933,115.8605855,domestic
75248141,180.150.80.80,AU,Leinster,-27.9141349,120.6977266,domestic
75248141,180.150.80.80,AU,Leinster,-27.9141349,120.6977266,domestic
74607873,130.95.254.183,AU,Claremont,-31.980291,115.7839988,domestic
74607873,130.95.254.183,AU,Claremont,-31.980291,115.7839988,domestic
74820586,130.95.254.39,AU,Claremont,-31.980291,115.7839988,domestic
74820586,130.95.254.39,AU,Claremont,-31.980291,115.7839988,domestic
74917382,120.16.143.98,AU,East Fremantle,-32.035363000000004,115.76878040412583,domestic
74917382,120.16.143.98,AU,East Fremantle,-32.035363000000004,115.76878040412583,domestic
74691667,130.95.254.202,AU,Claremont,-31.980291,115.7839988,domestic
74491482,101.118.159.26,AU,North Sydney,-33.8354519,151.2083011,domestic
74929776,124.169.102.85,AU,Perth,-31.9558933,115.8605855,domestic
74929776,124.169.102.85,AU,Perth,-31.9558933,115.8605855,domestic
74654367,130.95.254.239,AU,Claremont,-31.980291,115.7839988,domestic
74237491,180.150.85.92,AU,Leinster,-27.9141349,120.6977266,domestic
72108445,147.69.56.236,AU,Perth,-31.9558933,115.8605855,domestic
68273234,180.150.80.219,AU,Leinster,-27.9141349,120.6977266,domestic
74907196,130.95.254.148,AU,Claremont,-31.980291,115.7839988,domestic
74907196,130.95.254.148,AU,Claremont,-31.980291,115.7839988,domestic
64420843,103.108.231.19,AU,Perth,-31.9558933,115.8605855,domestic
64420843,103.108.231.19,AU,Perth,-31.9558933,115.8605855,domestic
75252477,203.206.250.171,AU,Melbourne,-37.8142454,144.9631732,domestic
75252477,203.206.250.171,AU,Melbourne,-37.8142454,144.9631732,domestic
74905761,103.94.51.1,AU,Leinster,-27.9141349,120.6977266,domestic
74905761,103.94.51.1,AU,Leinster,-27.9141349,120.6977266,domestic
74740067,81.153.102.25,GB,London (South Bank),51.497703200000004,-0.10180888945112561,international
74750378,1.159.224.105,AU,Perth,-31.9558933,115.8605855,domestic
74469414,130.95.254.118,AU,Claremont,-31.980291,115.7839988,domestic
74469414,130.95.254.118,AU,Claremont,-31.980291,115.7839988,domestic
74944971,121.217.169.62,AU,Perth,-31.9558933,115.8605855,domestic
75193128,110.174.213.114,AU,Melbourne,-37.8142454,144.9631732,domestic
75193128,110.174.213.114,AU,Melbourne,-37.8142454,144.9631732,domestic
75193128,110.174.213.114,AU,Melbourne,-37.8142454,144.9631732,domestic
74793911,1.127.106.239,AU,Perth,-31.9558933,115.8605855,domestic
74661579,130.95.254.124,AU,Claremont,-31.980291,115.7839988,domestic
73531308,106.68.148.41,AU,Perth,-31.9558933,115.8605855,domestic
73531308,106.68.148.41,AU,Perth,-31.9558933,115.8605855,domestic
74757271,130.95.254.27,AU,Claremont,-31.980291,115.7839988,domestic
74757271,1.146.169.134,AU,Perth,-31.9558933,115.8605855,domestic
74708488,58.178.211.118,AU,Perth,-31.9558933,115.8605855,domestic
74732707,106.69.47.105,AU,Perth,-31.9558933,115.8605855,domestic
74732707,106.69.47.105,AU,Perth,-31.9558933,115.8605855,domestic
74881200,130.95.40.98,AU,Crawley,-31.9746305,115.8175988,domestic
74881200,130.95.40.98,AU,Crawley,-31.9746305,115.8175988,domestic
73420968,124.189.168.247,AU,Perth,-31.9558933,115.8605855,domestic
74514630,114.198.5.172,AU,Joondalup,-31.77955,115.76474475668536,domestic
74514630,114.198.5.172,AU,Joondalup,-31.77955,115.76474475668536,domestic
74563636,58.168.0.181,AU,Perth,-31.9558933,115.8605855,domestic
74563636,58.168.0.181,AU,Perth,-31.9558933,115.8605855,domestic
72799980,58.169.86.66,AU,Perth,-31.9558933,115.8605855,domestic
72799980,58.169.86.66,AU,Perth,-31.9558933,115.8605855,domestic
72799980,58.169.86.66,AU,Perth,-31.9558933,115.8605855,domestic
75129694,120.149.77.8,AU,Perth,-31.9558933,115.8605855,domestic
75129694,120.149.77.8,AU,Perth,-31.9558933,115.8605855,domestic
74785063,130.95.254.18,AU,Claremont,-31.980291,115.7839988,domestic
74785063,130.95.254.18,AU,Claremont,-31.980291,115.7839988,domestic
74730373,116.240.249.34,AU,Hobart,-42.8825088,147.3281233,domestic
74563636,130.95.254.167,AU,Claremont,-31.980291,115.7839988,domestic
75172237,45.133.6.31,AU,Perth,-31.9558933,115.8605855,domestic
74644523,58.169.78.146,AU,Perth,-31.9558933,115.8605855,domestic
74204712,80.249.10.198,AU,Warragul,-38.1588674,145.933629,domestic
72165226,110.22.196.18,AU,Perth,-31.9558933,115.8605855,domestic
74320067,130.95.254.33,AU,Claremont,-31.980291,115.7839988,domestic
74320067,130.95.254.33,AU,Claremont,-31.980291,115.7839988,domestic
74320067,130.95.254.33,AU,Claremont,-31.980291,115.7839988,domestic
75215660,130.95.254.193,AU,Claremont,-31.980291,115.7839988,domestic
73440703,110.174.86.23,AU,Perth,-31.9558933,115.8605855,domestic
73440703,110.174.86.23,AU,Perth,-31.9558933,115.8605855,domestic
73675098,49.196.33.187,AU,Melbourne,-37.8142454,144.9631732,domestic
73675098,49.196.33.187,AU,Melbourne,-37.8142454,144.9631732,domestic
75247293,49.196.231.9,AU,Perth,-31.9558933,115.8605855,domestic
75247293,49.196.231.9,AU,Perth,-31.9558933,115.8605855,domestic
75247293,49.196.231.9,AU,Perth,-31.9558933,115.8605855,domestic
74599354,130.95.254.114,AU,Claremont,-31.980291,115.7839988,domestic
74599354,130.95.254.114,AU,Claremont,-31.980291,115.7839988,domestic
73385446,218.215.81.153,AU,Perth,-31.9558933,115.8605855,domestic
73385446,218.215.81.153,AU,Perth,-31.9558933,115.8605855,domestic
73289977,130.95.254.168,AU,Claremont,-31.980291,115.7839988,domestic
73289977,130.95.254.168,AU,Claremont,-31.980291,115.7839988,domestic
75133295,130.95.40.100,AU,Crawley,-31.9746305,115.8175988,domestic
75133295,130.95.40.100,AU,Crawley,-31.9746305,115.8175988,domestic
75236212,130.95.40.111,AU,Crawley,-31.9746305,115.8175988,domestic
66904391,49.196.201.63,AU,Perth,-31.9558933,115.8605855,domestic
73068726,134.115.208.74,AU,Murdoch,-32.0664255,115.8504737,domestic
73068726,134.115.208.74,AU,Murdoch,-32.0664255,115.8504737,domestic
75277402,124.189.183.162,AU,Claremont,-31.980291,115.7839988,domestic
74686335,101.185.203.203,AU,Perth,-31.9558933,115.8605855,domestic
74686335,101.185.203.203,AU,Perth,-31.9558933,115.8605855,domestic
75028425,1.146.166.159,AU,Perth,-31.9558933,115.8605855,domestic
71727249,125.63.29.11,AU,Perth,-31.9558933,115.8605855,domestic
73416576,124.188.197.58,AU,Perth,-31.9558933,115.8605855,domestic
73416576,124.188.197.58,AU,Perth,-31.9558933,115.8605855,domestic
74907476,220.235.86.4,AU,Melbourne,-37.8142454,144.9631732,domestic
74565012,106.68.158.220,AU,Perth,-31.9558933,115.8605855,domestic
73289977,101.189.11.246,AU,Perth,-31.9558933,115.8605855,domestic
73589112,49.196.34.254,AU,Vasse,-33.6982045,115.26336531173837,domestic
74574206,106.68.6.219,AU,Rockingham,-32.2851899,115.7426524,domestic
75177057,114.198.7.65,AU,Perth,-31.9558933,115.8605855,domestic
74878773,120.16.205.226,AU,Perth,-31.9558933,115.8605855,domestic
75345908,115.69.43.223,AU,Brisbane,-27.4689682,153.0234991,domestic
75345908,110.175.110.215,AU,Bentley,-32.0084461,115.9065455,domestic
75345908,110.175.110.215,AU,Bentley,-32.0084461,115.9065455,domestic
75280724,125.63.29.116,AU,Perth,-31.9558933,115.8605855,domestic
75280724,125.63.29.116,AU,Perth,-31.9558933,115.8605855,domestic
75280724,125.63.29.116,AU,Perth,-31.9558933,115.8605855,domestic
75267901,14.200.91.137,AU,Perth,-31.9558933,115.8605855,domestic
72624250,115.69.41.89,AU,Brisbane,-27.4689682,153.0234991,domestic
74904747,58.160.82.139,AU,Perth,-31.9558933,115.8605855,domestic
74864907,130.95.40.100,AU,Crawley,-31.9746305,115.8175988,domestic
74230558,125.63.25.108,AU,Perth,-31.9558933,115.8605855,domestic
75270190,220.239.30.194,AU,Perth,-31.9558933,115.8605855,domestic
75270190,220.239.30.194,AU,Perth,-31.9558933,115.8605855,domestic
74747615,172.198.95.240,AU,Perth,-31.9558933,115.8605855,domestic
74747615,172.198.95.240,AU,Perth,-31.9558933,115.8605855,domestic
74747615,172.198.95.240,AU,Perth,-31.9558933,115.8605855,domestic
74691918,130.95.40.101,AU,Crawley,-31.9746305,115.8175988,domestic
74691918,130.95.40.101,AU,Crawley,-31.9746305,115.8175988,domestic
75363608,130.95.254.225,AU,Claremont,-31.980291,115.7839988,domestic
74954987,130.95.254.172,AU,Claremont,-31.980291,115.7839988,domestic
73487467,120.16.104.7,AU,Perth,-31.9558933,115.8605855,domestic
74767049,147.69.89.137,AU,Perth,-31.9558933,115.8605855,domestic
74342803,125.63.25.215,AU,Perth,-31.9558933,115.8605855,domestic
74342803,125.63.25.215,AU,Perth,-31.9558933,115.8605855,domestic
73423788,130.95.254.46,AU,Claremont,-31.980291,115.7839988,domestic
74668651,130.95.238.145,AU,Crawley,-31.9746305,115.8175988,domestic
74668651,130.95.238.145,AU,Crawley,-31.9746305,115.8175988,domestic
74950814,130.95.40.101,AU,Crawley,-31.9746305,115.8175988,domestic
74384085,125.63.29.206,AU,Perth,-31.9558933,115.8605855,domestic
74954987,130.95.254.174,AU,Claremont,-31.980291,115.7839988,domestic
74954987,130.95.254.174,AU,Claremont,-31.980291,115.7839988,domestic
74384085,125.63.29.206,AU,Perth,-31.9558933,115.8605855,domestic
75281886,122.148.245.21,AU,Perth,-31.9558933,115.8605855,domestic
74695752,203.220.202.151,AU,Perth,-31.9558933,115.8605855,domestic
74695752,203.220.202.151,AU,Perth,-31.9558933,115.8605855,domestic
75371659,130.95.254.154,AU,Claremont,-31.980291,115.7839988,domestic
74487378,125.63.29.133,AU,Perth,-31.9558933,115.8605855,domestic
72796259,60.225.64.125,AU,Perth,-31.9558933,115.8605855,domestic
72796259,60.225.64.125,AU,Perth,-31.9558933,115.8605855,domestic
74487322,101.189.44.161,AU,Perth,-31.9558933,115.8605855,domestic
74614379,60.225.6.210,AU,Perth,-31.9558933,115.8605855,domestic
71448389,101.179.136.44,AU,Perth,-31.9558933,115.8605855,domestic
74524104,120.16.82.174,AU,Perth,-31.9558933,115.8605855,domestic
74524104,120.16.82.174,AU,Perth,-31.9558933,115.8605855,domestic
74957995,103.204.117.229,AU,Osborne Park,-31.9033165,115.814291,domestic
73007870,58.7.173.194,AU,Melbourne,-37.8142454,144.9631732,domestic
74306740,130.95.254.200,AU,Claremont,-31.980291,115.7839988,domestic
74306740,130.95.254.200,AU,Claremont,-31.980291,115.7839988,domestic
74639675,147.69.89.88,AU,Perth,-31.9558933,115.8605855,domestic
74639675,147.69.89.88,AU,Perth,-31.9558933,115.8605855,domestic
74244367,106.68.226.198,AU,Melbourne,-37.8142454,144.9631732,domestic
74883574,49.192.225.179,AU,Perth,-31.9558933,115.8605855,domestic
73542879,130.95.254.122,AU,Claremont,-31.980291,115.7839988,domestic
73542879,130.95.254.122,AU,Claremont,-31.980291,115.7839988,domestic
73542879,130.95.254.122,AU,Claremont,-31.980291,115.7839988,domestic
73542879,130.95.254.122,AU,Claremont,-31.980291,115.7839988,domestic
74945630,49.192.74.182,AU,Perth,-31.9558933,115.8605855,domestic
73460473,124.188.229.249,AU,Perth,-31.9558933,115.8605855,domestic
75128855,101.118.168.189,AU,North Sydney,-33.8354519,151.2083011,domestic
74244367,194.223.91.68,AU,Sydney,-33.8698439,151.2082848,domestic
74469414,101.118.172.19,AU,North Sydney,-33.8354519,151.2083011,domestic
74991329,149.167.162.212,AU,Perth,-31.9558933,115.8605855,domestic
73444082,125.63.25.56,AU,Perth,-31.9558933,115.8605855,domestic
74880214,106.68.239.118,AU,Rockingham,-32.2851899,115.7426524,domestic
73527986,130.95.254.129,AU,Claremont,-31.980291,115.7839988,domestic
73527986,130.95.254.129,AU,Claremont,-31.980291,115.7839988,domestic
74244367,194.223.91.68,AU,Sydney,-33.8698439,151.2082848,domestic
74973793,130.95.254.208,AU,Claremont,-31.980291,115.7839988,domestic
75161524,101.118.143.164,AU,North Sydney,-33.8354519,151.2083011,domestic
74907196,106.68.240.229,AU,Perth,-31.9558933,115.8605855,domestic
74875190,118.102.69.185,AU,Perth,-31.9558933,115.8605855,domestic
74875190,118.102.69.185,AU,Perth,-31.9558933,115.8605855,domestic
74907196,106.68.240.229,AU,Perth,-31.9558933,115.8605855,domestic
74875190,118.102.69.185,AU,Perth,-31.9558933,115.8605855,domestic
75364588,125.63.25.57,AU,Perth,-31.9558933,115.8605855,domestic
75364588,125.63.25.57,AU,Perth,-31.9558933,115.8605855,domestic
75252477,203.206.250.171,AU,Melbourne,-37.8142454,144.9631732,domestic
75252477,203.206.250.171,AU,Melbourne,-37.8142454,144.9631732,domestic
74449623,130.95.254.144,AU,Claremont,-31.980291,115.7839988,domestic
74449623,130.95.254.144,AU,Claremont,-31.980291,115.7839988,domestic
74449623,130.95.254.144,AU,Claremont,-31.980291,115.7839988,domestic
74449623,130.95.254.144,AU,Claremont,-31.980291,115.7839988,domestic
75120500,60.242.2.219,AU,Melbourne,-37.8142454,144.9631732,domestic
75120500,60.242.2.219,AU,Melbourne,-37.8142454,144.9631732,domestic
73403004,130.95.254.42,AU,Claremont,-31.980291,115.7839988,domestic
73403004,130.95.254.42,AU,Claremont,-31.980291,115.7839988,domestic
73403004,130.95.254.42,AU,Claremont,-31.980291,115.7839988,domestic
74114660,130.95.254.161,AU,Claremont,-31.980291,115.7839988,domestic
74444546,124.187.150.62,AU,Perth,-31.9558933,115.8605855,domestic
72420721,118.209.192.166,AU,Melbourne,-37.8142454,144.9631732,domestic
72420721,118.209.192.166,AU,Melbourne,-37.8142454,144.9631732,domestic
74686335,101.185.203.203,AU,Perth,-31.9558933,115.8605855,domestic
74601838,124.189.164.45,AU,Perth,-31.9558933,115.8605855,domestic
74693884,130.95.254.136,AU,Claremont,-31.980291,115.7839988,domestic
73383361,194.223.95.251,AU,Sydney,-33.8698439,151.2082848,domestic
73383361,194.223.95.251,AU,Sydney,-33.8698439,151.2082848,domestic
75312665,106.68.49.236,AU,Sydney,-33.8698439,151.2082848,domestic
75312665,106.68.49.236,AU,Sydney,-33.8698439,151.2082848,domestic
75312665,106.68.49.236,AU,Sydney,-33.8698439,151.2082848,domestic
74488383,110.146.148.28,AU,Perth,-31.9558933,115.8605855,domestic
74948302,122.151.113.137,AU,North Sydney,-33.8354519,151.2083011,domestic
74948302,122.151.113.137,AU,North Sydney,-33.8354519,151.2083011,domestic
75447226,1.146.133.62,AU,Perth,-31.9558933,115.8605855,domestic
74469414,101.118.172.19,AU,North Sydney,-33.8354519,151.2083011,domestic
74217674,180.150.80.213,AU,Bedfordale,-32.179239,116.0652304,domestic
74217674,180.150.80.213,AU,Bedfordale,-32.179239,116.0652304,domestic
74823274,110.174.36.172,AU,Melbourne,-37.8142454,144.9631732,domestic
74675050,220.245.253.51,AU,Perth,-31.9558933,115.8605855,domestic
74901186,49.194.59.77,AU,Perth,-31.9558933,115.8605855,domestic
74901186,49.194.59.77,AU,Perth,-31.9558933,115.8605855,domestic
74181583,49.196.72.241,AU,Claremont,-31.980291,115.7839988,domestic
74181583,49.196.72.241,AU,Claremont,-31.980291,115.7839988,domestic
74774176,49.196.84.118,AU,Cowaramup,-33.8512674,115.1029727,domestic
74575625,130.95.254.186,AU,Claremont,-31.980291,115.7839988,domestic
74575625,130.95.254.186,AU,Claremont,-31.980291,115.7839988,domestic
72499991,130.95.40.100,AU,Crawley,-31.9746305,115.8175988,domestic
74555931,130.95.254.121,AU,Claremont,-31.980291,115.7839988,domestic
74555931,130.95.254.121,AU,Claremont,-31.980291,115.7839988,domestic
74771413,130.95.254.2,AU,Claremont,-31.980291,115.7839988,domestic
74985655,125.63.25.42,AU,Perth,-31.9558933,115.8605855,domestic
75123552,130.95.254.144,AU,Claremont,-31.980291,115.7839988,domestic
75465573,130.95.254.147,AU,Claremont,-31.980291,115.7839988,domestic
74556534,58.7.184.243,AU,Perth,-31.9558933,115.8605855,domestic
74556534,58.7.184.243,AU,Perth,-31.9558933,115.8605855,domestic
74757271,130.95.254.141,AU,Claremont,-31.980291,115.7839988,domestic
75262833,125.63.29.78,AU,Perth,-31.9558933,115.8605855,domestic
75359074,130.95.40.100,AU,Crawley,-31.9746305,115.8175988,domestic
75359074,130.95.40.100,AU,Crawley,-31.9746305,115.8175988,domestic
75359074,130.95.40.100,AU,Crawley,-31.9746305,115.8175988,domestic
75359074,130.95.40.100,AU,Crawley,-31.9746305,115.8175988,domestic
74786225,203.220.202.57,AU,Perth,-31.9558933,115.8605855,domestic
74667049,123.243.174.102,AU,Trigg,-31.875679,115.755874,domestic
74667049,123.243.174.102,AU,Trigg,-31.875679,115.755874,domestic
74761105,130.95.254.105,AU,Claremont,-31.980291,115.7839988,domestic
74761105,130.95.254.105,AU,Claremont,-31.980291,115.7839988,domestic
74761105,130.95.254.105,AU,Claremont,-31.980291,115.7839988,domestic
74761105,130.95.254.105,AU,Claremont,-31.980291,115.7839988,domestic
74760313,58.171.55.222,AU,Perth,-31.9558933,115.8605855,domestic
74760313,58.171.55.222,AU,Perth,-31.9558933,115.8605855,domestic
73562802,130.95.254.3,AU,Claremont,-31.980291,115.7839988,domestic
75455933,130.95.254.213,AU,Claremont,-31.980291,115.7839988,domestic
73256203,130.95.254.26,AU,Claremont,-31.980291,115.7839988,domestic
75279318,130.95.254.115,AU,Claremont,-31.980291,115.7839988,domestic
74766992,130.95.254.47,AU,Claremont,-31.980291,115.7839988,domestic
74766992,130.95.254.47,AU,Claremont,-31.980291,115.7839988,domestic
74766992,130.95.254.47,AU,Claremont,-31.980291,115.7839988,domestic
74766992,130.95.254.47,AU,Claremont,-31.980291,115.7839988,domestic
74766992,130.95.254.47,AU,Claremont,-31.980291,115.7839988,domestic
74766992,130.95.254.47,AU,Claremont,-31.980291,115.7839988,domestic
73697260,125.63.29.49,AU,Perth,-31.9558933,115.8605855,domestic
74600657,49.196.169.138,AU,Joondalup,-31.77955,115.76474475668536,domestic
74600657,49.196.169.138,AU,Joondalup,-31.77955,115.76474475668536,domestic
74509421,49.192.22.225,AU,Perth,-31.9558933,115.8605855,domestic
75361991,101.189.31.34,AU,Perth,-31.9558933,115.8605855,domestic
75361991,101.189.31.34,AU,Perth,-31.9558933,115.8605855,domestic
70621853,101.185.203.81,AU,Perth,-31.9558933,115.8605855,domestic
74556534,49.196.200.189,AU,Perth,-31.9558933,115.8605855,domestic
74670516,130.95.254.43,AU,Claremont,-31.980291,115.7839988,domestic
74670516,130.95.254.43,AU,Claremont,-31.980291,115.7839988,domestic
74670516,130.95.254.43,AU,Claremont,-31.980291,115.7839988,domestic
74670516,130.95.254.43,AU,Claremont,-31.980291,115.7839988,domestic
74766769,130.95.254.75,AU,Claremont,-31.980291,115.7839988,domestic
74899387,60.225.2.241,AU,Perth,-31.9558933,115.8605855,domestic
74740905,130.95.254.101,AU,Claremont,-31.980291,115.7839988,domestic
74791921,130.95.254.8,AU,Claremont,-31.980291,115.7839988,domestic
74791921,130.95.254.8,AU,Claremont,-31.980291,115.7839988,domestic
75277402,124.189.183.162,AU,Claremont,-31.980291,115.7839988,domestic
74831573,49.194.78.165,AU,Perth,-31.9558933,115.8605855,domestic
75247293,49.183.67.88,AU,Beaumont,-34.9499756,138.6593163,domestic
74657243,130.95.254.80,AU,Claremont,-31.980291,115.7839988,domestic
74349316,180.150.81.235,AU,Leinster,-27.9141349,120.6977266,domestic
74349316,180.150.81.235,AU,Leinster,-27.9141349,120.6977266,domestic
72494744,159.196.133.234,AU,East Fremantle,-32.035363000000004,115.76878040412583,domestic
72494744,159.196.133.234,AU,East Fremantle,-32.035363000000004,115.76878040412583,domestic
75279914,203.217.65.182,AU,Melbourne,-37.8142454,144.9631732,domestic
75279914,203.217.65.182,AU,Melbourne,-37.8142454,144.9631732,domestic
74744664,27.33.59.209,AU,Perth,-31.9558933,115.8605855,domestic
74944971,110.146.146.208,AU,Perth,-31.9558933,115.8605855,domestic
74674629,134.7.244.28,AU,Bentley,-32.0084461,115.9065455,domestic
74674629,134.7.244.28,AU,Bentley,-32.0084461,115.9065455,domestic
74674629,134.7.244.28,AU,Bentley,-32.0084461,115.9065455,domestic
75184929,49.192.209.162,AU,Burswood,-31.9602196,115.8962701,domestic
75184929,49.192.209.162,AU,Burswood,-31.9602196,115.8962701,domestic
74849967,101.185.154.155,AU,Perth,-31.9558933,115.8605855,domestic
75124509,58.175.90.20,AU,Perth,-31.9558933,115.8605855,domestic
75124509,58.175.90.20,AU,Perth,-31.9558933,115.8605855,domestic
75124509,58.175.90.20,AU,Perth,-31.9558933,115.8605855,domestic
74598004,125.63.25.232,AU,Perth,-31.9558933,115.8605855,domestic
74304674,1.126.104.231,AU,Perth,-31.9558933,115.8605855,domestic
74352016,101.189.34.186,AU,Perth,-31.9558933,115.8605855,domestic
74231993,49.192.120.40,AU,Perth,-31.9558933,115.8605855,domestic
74858058,130.95.238.146,AU,Crawley,-31.9746305,115.8175988,domestic
74858058,130.95.238.146,AU,Crawley,-31.9746305,115.8175988,domestic
74488132,1.159.146.183,AU,Perth,-31.9558933,115.8605855,domestic
74603364,120.149.3.137,AU,Perth,-31.9558933,115.8605855,domestic
74603364,120.149.3.137,AU,Perth,-31.9558933,115.8605855,domestic
75200859,130.95.40.72,AU,Crawley,-31.9746305,115.8175988,domestic
75108979,130.95.254.199,AU,Claremont,-31.980291,115.7839988,domestic
75108979,130.95.254.199,AU,Claremont,-31.980291,115.7839988,domestic
74695017,58.169.12.83,AU,Perth,-31.9558933,115.8605855,domestic
74695017,58.169.12.83,AU,Perth,-31.9558933,115.8605855,domestic
73491876,125.63.25.233,AU,Perth,-31.9558933,115.8605855,domestic
73491876,125.63.25.233,AU,Perth,-31.9558933,115.8605855,domestic
74684410,130.95.254.194,AU,Claremont,-31.980291,115.7839988,domestic
69888038,120.149.54.173,AU,Perth,-31.9558933,115.8605855,domestic
74681647,106.69.43.100,AU,North Dandalup,-32.5172772,115.9671541,domestic
74681647,106.69.43.100,AU,North Dandalup,-32.5172772,115.9671541,domestic
74417394,120.16.58.27,AU,Perth,-31.9558933,115.8605855,domestic
70715836,122.148.254.38,AU,Perth,-31.9558933,115.8605855,domestic
74767077,49.194.218.154,AU,Perth,-31.9558933,115.8605855,domestic
73738674,130.95.254.216,AU,Claremont,-31.980291,115.7839988,domestic
75400908,130.95.254.120,AU,Claremont,-31.980291,115.7839988,domestic
73738674,130.95.254.216,AU,Claremont,-31.980291,115.7839988,domestic
75355444,130.95.254.198,AU,Claremont,-31.980291,115.7839988,domestic
73068670,130.95.254.19,AU,Claremont,-31.980291,115.7839988,domestic
73068670,130.95.254.19,AU,Claremont,-31.980291,115.7839988,domestic
74925383,121.200.42.221,AU,Mullaloo,-31.7778558,115.7467741,domestic
74845351,49.196.224.101,AU,Perth,-31.9558933,115.8605855,domestic
74768091,130.95.254.137,AU,Claremont,-31.980291,115.7839988,domestic
74763950,130.95.254.198,AU,Claremont,-31.980291,115.7839988,domestic
74763950,130.95.254.198,AU,Claremont,-31.980291,115.7839988,domestic
74639693,130.95.254.238,AU,Claremont,-31.980291,115.7839988,domestic
74639693,130.95.254.238,AU,Claremont,-31.980291,115.7839988,domestic
74639693,130.95.254.238,AU,Claremont,-31.980291,115.7839988,domestic
74510687,218.214.106.227,AU,Perth,-31.9558933,115.8605855,domestic
74306285,125.63.29.226,AU,Perth,-31.9558933,115.8605855,domestic
75242102,101.175.156.107,AU,Perth,-31.9558933,115.8605855,domestic
74217674,125.63.25.72,AU,Perth,-31.9558933,115.8605855,domestic
74217674,125.63.25.72,AU,Perth,-31.9558933,115.8605855,domestic
74632848,124.187.149.12,AU,Perth,-31.9558933,115.8605855,domestic
74632848,124.187.149.12,AU,Perth,-31.9558933,115.8605855,domestic
75059857,220.235.84.102,AU,Burswood,-31.9602196,115.8962701,domestic
75059857,220.235.84.102,AU,Burswood,-31.9602196,115.8962701,domestic
74721738,125.63.25.45,AU,Perth,-31.9558933,115.8605855,domestic
74721738,125.63.25.45,AU,Perth,-31.9558933,115.8605855,domestic
74740170,203.59.178.191,AU,Iluka,-31.7362652,115.7312093,domestic
74740170,203.59.178.191,AU,Iluka,-31.7362652,115.7312093,domestic
75360474,49.196.182.14,AU,Perth,-31.9558933,115.8605855,domestic
74858897,125.63.29.212,AU,Perth,-31.9558933,115.8605855,domestic
74858897,125.63.29.212,AU,Perth,-31.9558933,115.8605855,domestic
75360474,49.196.182.14,AU,Perth,-31.9558933,115.8605855,domestic
75372227,58.169.51.190,AU,Perth,-31.9558933,115.8605855,domestic
75383114,203.219.234.206,AU,Bentley,-32.0084461,115.9065455,domestic
74703417,130.95.40.101,AU,Crawley,-31.9746305,115.8175988,domestic
75361655,49.185.75.195,AU,Melbourne,-37.8142454,144.9631732,domestic
74849715,106.68.210.72,AU,Melbourne,-37.8142454,144.9631732,domestic
74849715,106.68.210.72,AU,Melbourne,-37.8142454,144.9631732,domestic
72173041,130.95.254.212,AU,Claremont,-31.980291,115.7839988,domestic
75390920,60.225.12.13,AU,Perth,-31.9558933,115.8605855,domestic
74823638,139.218.125.54,AU,Perth,-31.9558933,115.8605855,domestic
73081939,125.63.29.60,AU,Perth,-31.9558933,115.8605855,domestic
73081939,125.63.29.60,AU,Perth,-31.9558933,115.8605855,domestic
73374814,130.95.254.102,AU,Claremont,-31.980291,115.7839988,domestic
73374814,130.95.254.102,AU,Claremont,-31.980291,115.7839988,domestic
74599074,130.95.254.57,AU,Claremont,-31.980291,115.7839988,domestic
74762502,130.95.254.28,AU,Claremont,-31.980291,115.7839988,domestic
74599074,130.95.254.57,AU,Claremont,-31.980291,115.7839988,domestic
66904391,185.255.130.80,US,Dallas,32.7762719,-96.7968559,international
74985655,125.63.29.197,AU,Perth,-31.9558933,115.8605855,domestic
74651855,130.95.254.161,AU,Claremont,-31.980291,115.7839988,domestic
74651855,130.95.254.161,AU,Claremont,-31.980291,115.7839988,domestic
74651855,130.95.254.161,AU,Claremont,-31.980291,115.7839988,domestic
74651855,130.95.254.161,AU,Claremont,-31.980291,115.7839988,domestic
74651855,130.95.254.161,AU,Claremont,-31.980291,115.7839988,domestic
73352425,130.95.254.234,AU,Claremont,-31.980291,115.7839988,domestic
73352425,130.95.254.234,AU,Claremont,-31.980291,115.7839988,domestic
74854108,220.240.140.46,AU,Melbourne,-37.8142454,144.9631732,domestic
74854108,220.240.140.46,AU,Melbourne,-37.8142454,144.9631732,domestic
72126770,61.69.143.199,AU,Forest Lodge,-33.8805556,151.1783333,domestic
72126770,61.69.143.199,AU,Forest Lodge,-33.8805556,151.1783333,domestic
74506966,130.95.254.147,AU,Claremont,-31.980291,115.7839988,domestic
72153357,149.167.161.119,AU,Perth,-31.9558933,115.8605855,domestic
75447226,130.95.188.149,AU,Crawley,-31.9746305,115.8175988,domestic
72425551,180.150.82.15,AU,Leinster,-27.9141349,120.6977266,domestic
75060284,27.96.195.160,AU,Margaret River,-33.9531776,115.0769369,domestic
75060284,27.96.195.160,AU,Margaret River,-33.9531776,115.0769369,domestic
74499810,220.244.185.68,AU,Melbourne,-37.8142454,144.9631732,domestic
74523404,130.95.254.85,AU,Claremont,-31.980291,115.7839988,domestic
74523404,130.95.254.85,AU,Claremont,-31.980291,115.7839988,domestic
74499810,220.244.185.68,AU,Melbourne,-37.8142454,144.9631732,domestic
74491482,130.95.254.99,AU,Claremont,-31.980291,115.7839988,domestic
75161747,14.202.196.224,AU,Melbourne,-37.8142454,144.9631732,domestic
74639675,60.228.181.108,AU,Sydney,-33.8698439,151.2082848,domestic
74639675,60.228.181.108,AU,Sydney,-33.8698439,151.2082848,domestic
75278128,211.26.35.239,AU,East Fremantle,-32.035363000000004,115.76878040412583,domestic
75278128,211.26.35.239,AU,East Fremantle,-32.035363000000004,115.76878040412583,domestic
75278128,211.26.35.239,AU,East Fremantle,-32.035363000000004,115.76878040412583,domestic
74363430,125.63.29.55,AU,Perth,-31.9558933,115.8605855,domestic
73533402,130.95.254.158,AU,Claremont,-31.980291,115.7839988,domestic
74363430,125.63.29.55,AU,Perth,-31.9558933,115.8605855,domestic
74902747,49.192.105.165,AU,Perth,-31.9558933,115.8605855,domestic
74902747,49.192.105.165,AU,Perth,-31.9558933,115.8605855,domestic
66406252,220.240.140.124,AU,Melbourne,-37.8142454,144.9631732,domestic
75128547,14.202.241.146,AU,Melbourne,-37.8142454,144.9631732,domestic
75128547,14.202.241.146,AU,Melbourne,-37.8142454,144.9631732,domestic
74848246,120.16.119.45,AU,Bentley,-32.0084461,115.9065455,domestic
74338030,130.95.254.212,AU,Claremont,-31.980291,115.7839988,domestic
74604127,49.194.226.122,AU,Perth,-31.9558933,115.8605855,domestic
74679235,58.160.90.64,AU,Perth,-31.9558933,115.8605855,domestic
74679235,58.160.90.64,AU,Perth,-31.9558933,115.8605855,domestic
74692932,1.146.181.77,AU,Perth,-31.9558933,115.8605855,domestic
74566874,130.95.254.43,AU,Claremont,-31.980291,115.7839988,domestic
74740710,130.95.40.98,AU,Crawley,-31.9746305,115.8175988,domestic
74396456,130.95.254.117,AU,Claremont,-31.980291,115.7839988,domestic
74740710,130.95.40.98,AU,Crawley,-31.9746305,115.8175988,domestic
74943397,60.225.14.87,AU,Perth,-31.9558933,115.8605855,domestic
74943397,60.225.14.87,AU,Perth,-31.9558933,115.8605855,domestic
73609265,130.95.254.102,AU,Claremont,-31.980291,115.7839988,domestic
73609265,130.95.254.102,AU,Claremont,-31.980291,115.7839988,domestic
75086048,130.95.254.19,AU,Claremont,-31.980291,115.7839988,domestic
74636123,203.59.41.11,AU,Perth,-31.9558933,115.8605855,domestic
72508243,130.95.254.71,AU,Claremont,-31.980291,115.7839988,domestic
74944217,115.64.205.135,AU,Melbourne,-37.8142454,144.9631732,domestic
74944217,115.64.205.135,AU,Melbourne,-37.8142454,144.9631732,domestic
73364913,130.95.254.36,AU,Claremont,-31.980291,115.7839988,domestic
73333736,130.95.254.216,AU,Claremont,-31.980291,115.7839988,domestic
73364913,130.95.254.36,AU,Claremont,-31.980291,115.7839988,domestic
71294334,130.95.40.98,AU,Crawley,-31.9746305,115.8175988,domestic
75200133,130.95.254.149,AU,Claremont,-31.980291,115.7839988,domestic
71294334,130.95.40.98,AU,Crawley,-31.9746305,115.8175988,domestic
72939515,61.68.196.108,AU,Melbourne,-37.8142454,144.9631732,domestic
74782670,115.70.254.194,AU,Perth,-31.9558933,115.8605855,domestic
74231908,125.63.29.158,AU,Perth,-31.9558933,115.8605855,domestic
73067734,1.146.169.81,AU,Perth,-31.9558933,115.8605855,domestic
74666854,101.118.226.167,AU,North Sydney,-33.8354519,151.2083011,domestic
74229889,130.95.254.146,AU,Claremont,-31.980291,115.7839988,domestic
73609265,101.187.152.73,AU,Perth,-31.9558933,115.8605855,domestic
74231434,120.16.229.50,AU,Bennett Springs,-31.8580515,115.9422606,domestic
73147635,110.146.164.176,AU,Perth,-31.9558933,115.8605855,domestic
75269986,159.196.133.232,AU,East Fremantle,-32.035363000000004,115.76878040412583,domestic
74484383,106.69.9.104,AU,Perth,-31.9558933,115.8605855,domestic
74766713,130.95.254.237,AU,Claremont,-31.980291,115.7839988,domestic
74964888,49.194.116.55,AU,Perth,-31.9558933,115.8605855,domestic
73548462,220.244.209.124,AU,Perth,-31.9558933,115.8605855,domestic
74570708,180.150.83.31,AU,Leinster,-27.9141349,120.6977266,domestic
74570708,180.150.83.31,AU,Leinster,-27.9141349,120.6977266,domestic
72475455,49.194.40.230,AU,Perth,-31.9558933,115.8605855,domestic
75314646,121.44.72.139,AU,Perth,-31.9558933,115.8605855,domestic
75328261,147.69.122.24,AU,Perth,-31.9558933,115.8605855,domestic
74346301,1.127.107.214,AU,Perth,-31.9558933,115.8605855,domestic
75269986,159.196.133.232,AU,East Fremantle,-32.035363000000004,115.76878040412583,domestic
74802207,1.159.223.159,AU,Perth,-31.9558933,115.8605855,domestic
74812017,106.69.178.151,AU,Burswood,-31.9602196,115.8962701,domestic
72475455,49.194.40.230,AU,Perth,-31.9558933,115.8605855,domestic
74419897,125.63.25.161,AU,Perth,-31.9558933,115.8605855,domestic
75281004,1.159.173.73,AU,Perth,-31.9558933,115.8605855,domestic
75281004,1.159.173.73,AU,Perth,-31.9558933,115.8605855,domestic
74894002,130.95.254.172,AU,Claremont,-31.980291,115.7839988,domestic
74732707,106.69.44.123,AU,Perth,-31.9558933,115.8605855,domestic
74552888,101.189.4.187,AU,Perth,-31.9558933,115.8605855,domestic
74552888,101.189.4.187,AU,Perth,-31.9558933,115.8605855,domestic
74485563,110.141.231.204,AU,Augusta,-34.3156059,115.1605864,domestic
74669307,86.48.13.112,JP,Shibuya,35.6645956,139.6987107,international
74607976,124.170.42.21,AU,Perth,-31.9558933,115.8605855,domestic
74607976,124.170.42.21,AU,Perth,-31.9558933,115.8605855,domestic
74611754,139.218.126.60,AU,Perth,-31.9558933,115.8605855,domestic
74208826,110.174.59.166,AU,Melbourne,-37.8142454,144.9631732,domestic
74396456,101.185.172.232,AU,Perth,-31.9558933,115.8605855,domestic
74021088,180.150.80.26,AU,Leinster,-27.9141349,120.6977266,domestic
74991405,130.95.254.72,AU,Claremont,-31.980291,115.7839988,domestic
73596557,60.225.68.48,AU,Perth,-31.9558933,115.8605855,domestic
73596557,60.225.68.48,AU,Perth,-31.9558933,115.8605855,domestic
74599297,101.118.194.108,AU,North Sydney,-33.8354519,151.2083011,domestic
74510297,49.192.130.21,AU,Perth,-31.9558933,115.8605855,domestic
74883684,49.194.190.26,AU,Perth,-31.9558933,115.8605855,domestic
74883684,49.194.190.26,AU,Perth,-31.9558933,115.8605855,domestic
74598004,125.63.25.191,AU,Perth,-31.9558933,115.8605855,domestic
74991405,130.95.254.14,AU,Claremont,-31.980291,115.7839988,domestic
74846582,125.63.29.207,AU,Perth,-31.9558933,115.8605855,domestic
72834825,58.84.158.12,AU,Gladesville,-33.8275,151.1263889,domestic
74668315,61.68.124.160,AU,Melbourne,-37.8142454,144.9631732,domestic
74668315,61.68.124.160,AU,Melbourne,-37.8142454,144.9631732,domestic
74654367,130.95.254.173,AU,Claremont,-31.980291,115.7839988,domestic
74415403,125.63.29.47,AU,Perth,-31.9558933,115.8605855,domestic
74415403,125.63.29.47,AU,Perth,-31.9558933,115.8605855,domestic
74345334,125.63.25.165,AU,Perth,-31.9558933,115.8605855,domestic
74345334,125.63.25.165,AU,Perth,-31.9558933,115.8605855,domestic
74682501,130.95.254.103,AU,Claremont,-31.980291,115.7839988,domestic
74835071,130.95.254.183,AU,Claremont,-31.980291,115.7839988,domestic
74835071,130.95.254.183,AU,Claremont,-31.980291,115.7839988,domestic
74835071,130.95.254.183,AU,Claremont,-31.980291,115.7839988,domestic
75278508,147.69.9.39,AU,Perth,-31.9558933,115.8605855,domestic
75278508,147.69.9.39,AU,Perth,-31.9558933,115.8605855,domestic
74191597,1.146.240.111,AU,Perth,-31.9558933,115.8605855,domestic
74477101,125.63.29.70,AU,Perth,-31.9558933,115.8605855,domestic
74774940,58.169.33.195,AU,Perth,-31.9558933,115.8605855,domestic
74774940,58.169.33.195,AU,Perth,-31.9558933,115.8605855,domestic
74637473,60.240.225.117,AU,Perth,-31.9558933,115.8605855,domestic
75120361,121.44.223.37,AU,Dunsborough,-33.614656,115.1065921,domestic
75120361,121.44.223.37,AU,Dunsborough,-33.614656,115.1065921,domestic
74366928,130.95.254.162,AU,Claremont,-31.980291,115.7839988,domestic
74366928,130.95.254.162,AU,Claremont,-31.980291,115.7839988,domestic
74564874,130.95.254.153,AU,Claremont,-31.980291,115.7839988,domestic
74283203,124.170.59.22,AU,Melbourne,-37.8142454,144.9631732,domestic
74283203,124.170.59.22,AU,Melbourne,-37.8142454,144.9631732,domestic
74678667,159.196.132.237,AU,Leinster,-27.9141349,120.6977266,domestic
74678667,159.196.132.237,AU,Leinster,-27.9141349,120.6977266,domestic
73023900,60.225.76.111,AU,Perth,-31.9558933,115.8605855,domestic
73023900,60.225.76.111,AU,Perth,-31.9558933,115.8605855,domestic
74747615,172.198.95.240,AU,Perth,-31.9558933,115.8605855,domestic
74744868,130.95.254.228,AU,Claremont,-31.980291,115.7839988,domestic
74744868,130.95.254.228,AU,Claremont,-31.980291,115.7839988,domestic
74239927,101.189.101.208,AU,Perth,-31.9558933,115.8605855,domestic
74577330,120.16.0.159,AU,Perth,-31.9558933,115.8605855,domestic
74577330,120.16.0.159,AU,Perth,-31.9558933,115.8605855,domestic
74606343,110.22.108.140,AU,Perth,-31.9558933,115.8605855,domestic
74606343,110.22.108.140,AU,Perth,-31.9558933,115.8605855,domestic
74888105,101.118.162.121,AU,North Sydney,-33.8354519,151.2083011,domestic
74145473,115.64.157.77,AU,Perth,-31.9558933,115.8605855,domestic
74145473,115.64.157.77,AU,Perth,-31.9558933,115.8605855,domestic
74816017,106.69.58.102,AU,Perth,-31.9558933,115.8605855,domestic
74816017,106.69.58.102,AU,Perth,-31.9558933,115.8605855,domestic
72714245,52.63.10.107,AU,Sydney,-33.8698439,151.2082848,domestic
72714245,52.63.10.107,AU,Sydney,-33.8698439,151.2082848,domestic
73477714,130.95.254.214,AU,Claremont,-31.980291,115.7839988,domestic
73477714,130.95.254.214,AU,Claremont,-31.980291,115.7839988,domestic
73477714,130.95.254.214,AU,Claremont,-31.980291,115.7839988,domestic
73477714,130.95.254.214,AU,Claremont,-31.980291,115.7839988,domestic
73477714,130.95.254.214,AU,Claremont,-31.980291,115.7839988,domestic
72641570,130.95.254.239,AU,Claremont,-31.980291,115.7839988,domestic
74797491,110.22.116.58,AU,Perth,-31.9558933,115.8605855,domestic
74797491,110.22.116.58,AU,Perth,-31.9558933,115.8605855,domestic
74797491,110.22.116.58,AU,Perth,-31.9558933,115.8605855,domestic
74797491,110.22.116.58,AU,Perth,-31.9558933,115.8605855,domestic
75128177,147.69.1.196,AU,Perth,-31.9558933,115.8605855,domestic
75128177,147.69.1.196,AU,Perth,-31.9558933,115.8605855,domestic
74743222,130.95.254.128,AU,Claremont,-31.980291,115.7839988,domestic
73382682,125.63.25.9,AU,Perth,-31.9558933,115.8605855,domestic
73382682,125.63.25.9,AU,Perth,-31.9558933,115.8605855,domestic
73382682,125.63.25.9,AU,Perth,-31.9558933,115.8605855,domestic
74409513,130.95.254.64,AU,Claremont,-31.980291,115.7839988,domestic
74409513,130.95.254.64,AU,Claremont,-31.980291,115.7839988,domestic
75151155,101.189.19.108,AU,Perth,-31.9558933,115.8605855,domestic
75151155,101.189.19.108,AU,Perth,-31.9558933,115.8605855,domestic
74657604,1.159.188.119,AU,Perth,-31.9558933,115.8605855,domestic
75345908,130.95.254.41,AU,Claremont,-31.980291,115.7839988,domestic
72915202,163.47.57.142,AU,Perth,-31.9558933,115.8605855,domestic
75345908,130.95.254.41,AU,Claremont,-31.980291,115.7839988,domestic
75362214,130.95.254.214,AU,Claremont,-31.980291,115.7839988,domestic
75362214,130.95.254.214,AU,Claremont,-31.980291,115.7839988,domestic
75362214,130.95.254.214,AU,Claremont,-31.980291,115.7839988,domestic
74905761,130.95.254.188,AU,Claremont,-31.980291,115.7839988,domestic
75181299,120.16.46.157,AU,Perth,-31.9558933,115.8605855,domestic
74878773,49.194.74.142,AU,Perth,-31.9558933,115.8605855,domestic
74878773,49.194.74.142,AU,Perth,-31.9558933,115.8605855,domestic
74878773,49.194.74.142,AU,Perth,-31.9558933,115.8605855,domestic
75363153,103.106.88.49,AU,Claremont,-31.980291,115.7839988,domestic
74622075,1.159.183.204,AU,Perth,-31.9558933,115.8605855,domestic
75173503,101.175.166.171,AU,Perth,-31.9558933,115.8605855,domestic
74687230,130.95.254.144,AU,Claremont,-31.980291,115.7839988,domestic
69953790,180.150.80.48,AU,Leinster,-27.9141349,120.6977266,domestic
69953790,180.150.80.48,AU,Leinster,-27.9141349,120.6977266,domestic
74603539,103.210.27.56,AU,Crows Nest,-33.8256273,151.2014745,domestic
75247293,49.196.68.92,AU,Joondalup,-31.77955,115.76474475668536,domestic
75247293,49.196.68.92,AU,Joondalup,-31.77955,115.76474475668536,domestic
75446127,106.68.233.8,AU,Perth,-31.9558933,115.8605855,domestic
74680809,130.95.254.210,AU,Claremont,-31.980291,115.7839988,domestic
74680809,130.95.254.210,AU,Claremont,-31.980291,115.7839988,domestic
74677339,1.159.227.64,AU,Perth,-31.9558933,115.8605855,domestic
74677339,1.159.227.64,AU,Perth,-31.9558933,115.8605855,domestic
75106323,130.95.254.60,AU,Claremont,-31.980291,115.7839988,domestic
75106323,130.95.254.60,AU,Claremont,-31.980291,115.7839988,domestic
73010718,203.217.65.170,AU,Melbourne,-37.8142454,144.9631732,domestic
73617900,130.95.40.72,AU,Crawley,-31.9746305,115.8175988,domestic
75203760,130.95.254.190,AU,Claremont,-31.980291,115.7839988,domestic
75203760,130.95.254.190,AU,Claremont,-31.980291,115.7839988,domestic
75160908,120.16.33.167,AU,North Coogee,-32.0930018,115.7593892,domestic
73567239,1.159.188.235,AU,Perth,-31.9558933,115.8605855,domestic
72502892,130.95.254.145,AU,Claremont,-31.980291,115.7839988,domestic
75332051,130.95.40.72,AU,Crawley,-31.9746305,115.8175988,domestic
75332051,130.95.40.72,AU,Crawley,-31.9746305,115.8175988,domestic
73440983,58.169.83.79,AU,Perth,-31.9558933,115.8605855,domestic
73440983,58.169.83.79,AU,Perth,-31.9558933,115.8605855,domestic
74730038,130.95.254.243,AU,Claremont,-31.980291,115.7839988,domestic
74730038,130.95.254.243,AU,Claremont,-31.980291,115.7839988,domestic
73011202,159.196.82.132,AU,Leinster,-27.9141349,120.6977266,domestic
72134579,103.94.51.1,AU,Leinster,-27.9141349,120.6977266,domestic
72134579,103.94.51.1,AU,Leinster,-27.9141349,120.6977266,domestic
74897695,130.95.254.235,AU,Claremont,-31.980291,115.7839988,domestic
74897695,130.95.254.235,AU,Claremont,-31.980291,115.7839988,domestic
73662783,147.69.80.86,AU,Perth,-31.9558933,115.8605855,domestic
75455933,130.95.254.73,AU,Claremont,-31.980291,115.7839988,domestic
74954896,130.95.254.159,AU,Claremont,-31.980291,115.7839988,domestic
73280695,58.175.69.130,AU,Perth,-31.9558933,115.8605855,domestic
73280695,58.175.69.130,AU,Perth,-31.9558933,115.8605855,domestic
74680269,130.95.254.228,AU,Claremont,-31.980291,115.7839988,domestic
75221950,49.192.161.202,AU,Perth,-31.9558933,115.8605855,domestic
75221950,49.192.161.202,AU,Perth,-31.9558933,115.8605855,domestic
74723748,180.150.81.191,AU,Leinster,-27.9141349,120.6977266,domestic
74170650,1.159.201.117,AU,Perth,-31.9558933,115.8605855,domestic
75083228,130.95.40.101,AU,Crawley,-31.9746305,115.8175988,domestic
74485174,130.95.40.101,AU,Crawley,-31.9746305,115.8175988,domestic
74587573,130.95.254.131,AU,Claremont,-31.980291,115.7839988,domestic
74587573,130.95.254.131,AU,Claremont,-31.980291,115.7839988,domestic
74667049,123.243.174.102,AU,Trigg,-31.875679,115.755874,domestic
73474562,180.150.80.202,AU,Leinster,-27.9141349,120.6977266,domestic
74561347,130.95.254.107,AU,Claremont,-31.980291,115.7839988,domestic
74561347,130.95.254.107,AU,Claremont,-31.980291,115.7839988,domestic
74561347,130.95.254.107,AU,Claremont,-31.980291,115.7839988,domestic
74561347,130.95.254.107,AU,Claremont,-31.980291,115.7839988,domestic
74503559,130.95.254.85,AU,Claremont,-31.980291,115.7839988,domestic
74502705,130.95.254.69,AU,Claremont,-31.980291,115.7839988,domestic
74502705,130.95.254.69,AU,Claremont,-31.980291,115.7839988,domestic
75103167,49.194.105.245,AU,Perth,-31.9558933,115.8605855,domestic
74947567,130.95.40.98,AU,Crawley,-31.9746305,115.8175988,domestic
75103167,49.194.105.245,AU,Perth,-31.9558933,115.8605855,domestic
74561011,130.95.40.99,AU,Crawley,-31.9746305,115.8175988,domestic
74561011,130.95.40.99,AU,Crawley,-31.9746305,115.8175988,domestic
74561011,130.95.40.99,AU,Crawley,-31.9746305,115.8175988,domestic
74649035,130.95.254.238,AU,Claremont,-31.980291,115.7839988,domestic
74649035,130.95.254.238,AU,Claremont,-31.980291,115.7839988,domestic
74698069,101.189.18.12,AU,Perth,-31.9558933,115.8605855,domestic
74698069,101.189.18.12,AU,Perth,-31.9558933,115.8605855,domestic
71859170,60.240.21.196,AU,Perth,-31.9558933,115.8605855,domestic
71859170,60.240.21.196,AU,Perth,-31.9558933,115.8605855,domestic
75332406,203.206.118.5,AU,Perth,-31.9558933,115.8605855,domestic
73291958,130.95.254.238,AU,Claremont,-31.980291,115.7839988,domestic
73412588,110.22.85.218,AU,Perth,-31.9558933,115.8605855,domestic
73765467,203.219.212.39,AU,Perth,-31.9558933,115.8605855,domestic
73412588,110.22.85.218,AU,Perth,-31.9558933,115.8605855,domestic
73765467,203.219.212.39,AU,Perth,-31.9558933,115.8605855,domestic
75278099,1.126.111.216,AU,Perth,-31.9558933,115.8605855,domestic
75278099,1.126.111.216,AU,Perth,-31.9558933,115.8605855,domestic
73547495,203.213.61.72,AU,Perth,-31.9558933,115.8605855,domestic
73547495,203.213.61.72,AU,Perth,-31.9558933,115.8605855,domestic
74232391,220.244.160.201,AU,Perth,-31.9558933,115.8605855,domestic
74232272,27.96.192.163,AU,Leinster,-27.9141349,120.6977266,domestic
74232272,27.96.192.163,AU,Leinster,-27.9141349,120.6977266,domestic
74486207,13.210.242.103,AU,Sydney,-33.8698439,151.2082848,domestic
74486207,13.210.242.103,AU,Sydney,-33.8698439,151.2082848,domestic
74486207,13.210.242.103,AU,Sydney,-33.8698439,151.2082848,domestic
74231377,125.63.29.74,AU,Perth,-31.9558933,115.8605855,domestic
74231377,125.63.29.74,AU,Perth,-31.9558933,115.8605855,domestic
74493771,220.235.115.109,AU,Perth,-31.9558933,115.8605855,domestic
74493771,220.235.115.109,AU,Perth,-31.9558933,115.8605855,domestic
74821292,165.225.226.167,AU,Port Melbourne,-37.8333613,144.9219203,domestic
74821292,165.225.226.167,AU,Port Melbourne,-37.8333613,144.9219203,domestic
74670264,130.95.254.88,AU,Claremont,-31.980291,115.7839988,domestic
74670264,130.95.254.88,AU,Claremont,-31.980291,115.7839988,domestic
74734895,106.68.55.45,AU,Sydney,-33.8698439,151.2082848,domestic
74734895,106.68.55.45,AU,Sydney,-33.8698439,151.2082848,domestic
74734895,106.68.55.45,AU,Sydney,-33.8698439,151.2082848,domestic
74773030,106.69.228.165,AU,Perth,-31.9558933,115.8605855,domestic
75115381,124.189.135.71,AU,Perth,-31.9558933,115.8605855,domestic
75115381,124.189.135.71,AU,Perth,-31.9558933,115.8605855,domestic
74530531,110.142.189.71,AU,Perth,-31.9558933,115.8605855,domestic
74530531,110.142.189.71,AU,Perth,-31.9558933,115.8605855,domestic
74578121,130.95.254.239,AU,Claremont,-31.980291,115.7839988,domestic
74578121,130.95.254.239,AU,Claremont,-31.980291,115.7839988,domestic
74552182,125.63.25.107,AU,Perth,-31.9558933,115.8605855,domestic
74952029,49.255.51.131,AU,Bentley,-32.0084461,115.9065455,domestic
74704403,125.63.25.64,AU,Perth,-31.9558933,115.8605855,domestic
74704403,125.63.25.64,AU,Perth,-31.9558933,115.8605855,domestic
71029120,14.203.176.248,AU,Melbourne,-37.8142454,144.9631732,domestic
74678975,125.63.29.227,AU,Perth,-31.9558933,115.8605855,domestic
75129694,130.95.254.128,AU,Claremont,-31.980291,115.7839988,domestic
71542526,130.95.254.118,AU,Claremont,-31.980291,115.7839988,domestic
71542526,130.95.254.118,AU,Claremont,-31.980291,115.7839988,domestic
74207039,130.95.254.142,AU,Claremont,-31.980291,115.7839988,domestic
72120876,130.95.254.148,AU,Claremont,-31.980291,115.7839988,domestic
75152989,130.95.254.111,AU,Claremont,-31.980291,115.7839988,domestic
74511274,13.55.238.214,AU,Sydney,-33.8698439,151.2082848,domestic
75199223,1.146.182.150,AU,Perth,-31.9558933,115.8605855,domestic
74737099,125.63.25.165,AU,Perth,-31.9558933,115.8605855,domestic
74737099,125.63.25.165,AU,Perth,-31.9558933,115.8605855,domestic
74737099,125.63.25.165,AU,Perth,-31.9558933,115.8605855,domestic
74379387,101.118.233.216,AU,North Sydney,-33.8354519,151.2083011,domestic
74450552,130.95.254.58,AU,Claremont,-31.980291,115.7839988,domestic
74450552,130.95.254.58,AU,Claremont,-31.980291,115.7839988,domestic
74546542,130.95.254.110,AU,Claremont,-31.980291,115.7839988,domestic
74546542,130.95.254.110,AU,Claremont,-31.980291,115.7839988,domestic
74985320,149.167.161.24,AU,Perth,-31.9558933,115.8605855,domestic
74985320,149.167.161.24,AU,Perth,-31.9558933,115.8605855,domestic
74985320,149.167.161.24,AU,Perth,-31.9558933,115.8605855,domestic
71029120,14.203.176.248,AU,Melbourne,-37.8142454,144.9631732,domestic
73332106,125.63.29.85,AU,Perth,-31.9558933,115.8605855,domestic
73332106,125.63.29.85,AU,Perth,-31.9558933,115.8605855,domestic
75277682,49.192.145.36,AU,Perth,-31.9558933,115.8605855,domestic
75277682,49.192.145.36,AU,Perth,-31.9558933,115.8605855,domestic
74663551,159.196.134.93,AU,Leinster,-27.9141349,120.6977266,domestic
74663551,159.196.134.93,AU,Leinster,-27.9141349,120.6977266,domestic
74591639,125.63.29.236,AU,Perth,-31.9558933,115.8605855,domestic
74591639,125.63.29.236,AU,Perth,-31.9558933,115.8605855,domestic
73388887,203.59.10.213,AU,Perth,-31.9558933,115.8605855,domestic
73388887,203.59.10.213,AU,Perth,-31.9558933,115.8605855,domestic
73388887,203.59.10.213,AU,Perth,-31.9558933,115.8605855,domestic
75161747,14.202.196.224,AU,Melbourne,-37.8142454,144.9631732,domestic
72138504,130.95.40.101,AU,Crawley,-31.9746305,115.8175988,domestic
74601838,121.217.65.86,AU,Perth,-31.9558933,115.8605855,domestic
75363033,220.235.82.193,AU,Melbourne,-37.8142454,144.9631732,domestic
74601838,121.217.65.86,AU,Perth,-31.9558933,115.8605855,domestic
73447178,125.63.25.222,AU,Perth,-31.9558933,115.8605855,domestic
73447178,125.63.25.222,AU,Perth,-31.9558933,115.8605855,domestic
75248169,130.95.254.3,AU,Claremont,-31.980291,115.7839988,domestic
75248169,130.95.254.3,AU,Claremont,-31.980291,115.7839988,domestic
74505719,130.95.254.85,AU,Claremont,-31.980291,115.7839988,domestic
73119192,125.63.29.66,AU,Perth,-31.9558933,115.8605855,domestic
74708664,101.185.220.100,AU,Perth,-31.9558933,115.8605855,domestic
74708664,101.185.220.100,AU,Perth,-31.9558933,115.8605855,domestic
73297485,58.64.14.199,TH,Ratchathewi (Khwaeng Samsen Nai),,,international
73297485,223.27.193.140,TH,Patong,7.8994173,98.30864523517414,international
74970175,130.95.254.127,AU,Claremont,-31.980291,115.7839988,domestic
75013457,130.95.40.100,AU,Crawley,-31.9746305,115.8175988,domestic
71380832,60.242.31.219,AU,Melbourne,-37.8142454,144.9631732,domestic
71380832,60.242.31.219,AU,Melbourne,-37.8142454,144.9631732,domestic
74732707,106.69.44.123,AU,Perth,-31.9558933,115.8605855,domestic
74732707,106.69.44.123,AU,Perth,-31.9558933,115.8605855,domestic
74575393,130.95.254.133,AU,Claremont,-31.980291,115.7839988,domestic
74764088,60.225.77.91,AU,Perth,-31.9558933,115.8605855,domestic
74764088,60.225.77.91,AU,Perth,-31.9558933,115.8605855,domestic
74764088,60.225.77.91,AU,Perth,-31.9558933,115.8605855,domestic
74609706,130.95.254.139,AU,Claremont,-31.980291,115.7839988,domestic
72538296,220.235.69.251,AU,Perth,-31.9558933,115.8605855,domestic
72538296,220.235.69.251,AU,Perth,-31.9558933,115.8605855,domestic
73415831,130.95.254.224,AU,Claremont,-31.980291,115.7839988,domestic
73415831,130.95.254.224,AU,Claremont,-31.980291,115.7839988,domestic
73415831,130.95.254.224,AU,Claremont,-31.980291,115.7839988,domestic
74605188,1.159.214.219,AU,Perth,-31.9558933,115.8605855,domestic
73415831,130.95.254.224,AU,Claremont,-31.980291,115.7839988,domestic
66385688,14.202.85.146,AU,Perth,-31.9558933,115.8605855,domestic
66385688,14.202.85.146,AU,Perth,-31.9558933,115.8605855,domestic
71965500,130.95.40.101,AU,Crawley,-31.9746305,115.8175988,domestic
71965500,130.95.40.101,AU,Crawley,-31.9746305,115.8175988,domestic
74742180,130.95.254.97,AU,Claremont,-31.980291,115.7839988,domestic
74578919,125.63.25.113,AU,Perth,-31.9558933,115.8605855,domestic
74578919,125.63.25.113,AU,Perth,-31.9558933,115.8605855,domestic
73082115,103.94.51.1,AU,Leinster,-27.9141349,120.6977266,domestic
74903472,130.95.254.168,AU,Claremont,-31.980291,115.7839988,domestic
